Unnamed,X1,X2,X3,X4,X5,X6,X7,X8,X9,X10,X11,X12,X13,X14,X15,X16,X17,X18,X19,X20,X21,X22,X23,X24,X25,X26,X27,X28,X29,X30,X31,X32,X33,X34,X35,X36,X37,X38,X39,X40,X41,X42,X43,X44,X45,X46,X47,X48,X49,X50,X51,X52,X53,X54,X55,X56,X57,X58,X59,X60,X61,X62,X63,X64,X65,X66,X67,X68,X69,X70,X71,X72,X73,X74,X75,X76,X77,X78,X79,X80,X81,X82,X83,X84,X85,X86,X87,X88,X89,X90,X91,X92,X93,X94,X95,X96,X97,X98,X99,X100,X101,X102,X103,X104,X105,X106,X107,X108,X109,X110,X111,X112,X113,X114,X115,X116,X117,X118,X119,X120,X121,X122,X123,X124,X125,X126,X127,X128,X129,X130,X131,X132,X133,X134,X135,X136,X137,X138,X139,X140,X141,X142,X143,X144,X145,X146,X147,X148,X149,X150,X151,X152,X153,X154,X155,X156,X157,X158,X159,X160,X161,X162,X163,X164,X165,X166,X167,X168,X169,X170,X171,X172,X173,X174,X175,X176,X177,X178
X11.V1.964,-759,-573,-391,-253,-141,-57,31,112,181,242,305,371,442,495,540,573,612,692,766,836,848,748,566,197,-260,-726,-1043,-1133,-1062,-898,-716,-535,-385,-268,-171,-85,-1,84,162,240,322,409,522,642,780,840,812,667,383,-69,-564,-981,-1159,-1130,-989,-807,-613,-427,-265,-138,-45,31,116,197,282,370,465,571,659,698,642,500,285,-34,-398,-748,-964,-1002,-919,-774,-601,-423,-238,-83,32,116,175,228,282,335,391,438,485,526,588,673,766,872,908,815,609,308,-53,-430,-794,-1034,-1119,-1071,-942,-760,-564,-400,-261,-159,-64,26,104,173,240,302,363,421,466,505,540,588,644,697,734,762,754,681,488,201,-238,-636,-976,-1111,-1085,-943,-771,-617,-475,-370,-274,-180,-92,-8,75,152,232,307,379,451,528,604,680,742,783,730,574,322,-77,-503,-897,-1125,-1128,-982,-795,-602,-445,-310,-217,-134,-52,21,102,188
X6.V1.854,75,57,24,-2,-16,-9,10,-68,-342,-480,-491,-191,129,294,325,253,157,81,21,-27,-60,-72,-68,-48,-24,2,21,38,59,71,72,19,-222,-399,-425,-234,72,248,300,285,204,132,90,60,39,16,6,0,4,5,-3,-2,2,17,33,49,32,-161,-384,-453,-352,-50,172,265,287,240,173,109,56,16,-14,-42,-65,-90,-123,-155,-171,-170,-165,-160,-189,-282,-399,-483,-378,-143,168,359,419,382,320,249,184,123,76,31,-3,-37,-77,-120,-146,-153,-143,-109,-70,-33,-1,10,-71,-196,-302,-218,15,306,499,541,474,346,218,123,53,13,-11,-27,-32,-30,-28,-21,-20,-33,-52,-82,-112,-148,-172,-187,-197,-204,-186,-127,-34,-74,-262,-335,-284,48,350,496,505,425,315,206,113,46,-5,-33,-61,-92,-132,-170,-202,-227,-198,-159,-208,-159,-104,50,153,129,68,6,-39,-40,-30,-19,-25,-30
X22.V1.417,288,298,277,206,115,19,-54,-66,-18,45,124,187,225,229,228,243,246,192,11,-260,-534,-696,-669,-548,-339,-179,-42,81,235,360,474,528,538,509,412,295,200,140,119,102,112,131,191,255,304,318,287,232,149,39,-60,-73,-59,-149,-327,-566,-722,-789,-775,-722,-593,-452,-292,-130,17,159,271,317,308,269,170,79,-23,-79,-77,-30,49,127,194,230,241,244,261,264,207,22,-224,-499,-668,-644,-513,-315,-138,-5,124,275,399,495,563,569,545,465,354,246,173,133,123,133,161,211,277,326,335,306,246,161,52,-60,-81,-68,-147,-307,-538,-714,-791,-794,-743,-632,-505,-344,-199,-32,114,236,292,278,237,156,70,-20,-96,-109,-65,12,90,150,182,190,191,210,227,197,49,-190,-475,-658,-678,-583,-397,-221,-80,44,198,332,441,511,523,502,434,329,227,156,109,95,98,113,149,207
X19.V1.684,-1,2,-16,-32,23,121,226,222,0,-312,-656,-816,-824,-703,-545,-418,-331,-235,-147,-58,19,56,55,2,-75,-129,-156,-144,-102,-50,-3,39,72,102,124,141,151,149,148,133,114,93,66,48,35,34,39,37,26,17,5,-9,-23,-46,-63,-71,-70,-66,-69,-87,-127,-120,-59,98,213,144,-122,-462,-749,-851,-807,-676,-530,-415,-290,-201,-67,10,25,-5,-72,-130,-159,-160,-136,-101,-58,-16,16,51,74,93,105,116,129,140,139,135,118,97,72,60,59,63,71,67,57,42,31,18,11,0,-8,-13,-8,2,7,2,-4,-19,-36,-51,-64,-81,-91,-92,-89,-94,-101,-115,-134,-151,-166,-182,-202,-227,-228,-227,-218,-212,-212,-218,-239,-251,-272,-284,-296,-307,-297,-289,-271,-262,-247,-242,-265,-259,-102,182,500,581,383,55,-265,-369,-294,-111,41,82,26,-57,-108,-135,-77,1,146,237,294,296
X2.V1.217,37,26,23,24,35,50,67,67,90,54,46,-9,-33,-87,-118,-186,-283,-394,-503,-550,-457,-246,10,221,280,247,181,114,50,14,6,33,72,111,151,172,188,208,222,231,232,201,202,142,124,66,3,-7,-46,-120,-229,-375,-478,-480,-319,-109,108,208,205,161,101,38,-14,-44,-44,-11,21,43,58,57,46,36,35,36,42,50,46,37,34,32,27,-1,-12,-79,-146,-256,-395,-482,-544,-556,-495,-349,-142,43,95,80,42,5,-27,-36,-9,27,65,91,100,100,102,108,113,116,112,123,106,111,80,65,20,43,-13,-77,-159,-249,-317,-378,-426,-412,-245,-16,216,322,328,295,228,150,79,36,28,45,69,81,88,89,85,80,76,78,71,73,86,87,78,29,10,-44,-98,-192,-331,-421,-482,-490,-480,-353,-169,61,174,192,169,127,82,42,26,38,73,107,123,124,122,119
X8.V1.934,153,178,189,167,113,42,-28,-75,-118,-188,-304,-438,-529,-488,-393,-246,-128,-39,73,213,298,348,270,185,141,133,141,122,66,-13,-72,-160,-246,-313,-361,-378,-387,-344,-244,-95,37,157,274,406,490,517,451,330,194,79,23,43,115,159,134,25,-66,-158,-246,-390,-521,-540,-407,-223,-32,77,140,206,303,392,451,412,306,168,56,-5,-31,19,85,113,63,-30,-134,-197,-258,-291,-343,-346,-286,-130,60,205,256,310,409,482,539,458,320,157,14,-71,-129,-134,-78,11,121,175,195,158,75,-49,-155,-275,-400,-535,-663,-640,-559,-398,-263,-147,4,181,271,311,235,138,39,-35,-56,-27,62,167,258,293,274,210,120,23,-61,-100,-182,-316,-504,-641,-673,-576,-443,-308,-194,-64,74,179,235,202,145,87,58,77,147,238,305,324,288,217,122,23,-67,-121,-165,-245,-365,-535,-628,-616,-517,-379
X15.V1.474,198,168,106,72,37,10,-17,-62,-85,-85,-69,-72,-75,-99,-102,-111,-111,-120,-133,-134,-129,-120,-112,-108,-111,-30,92,265,402,451,448,412,391,359,311,246,179,130,79,52,28,9,-28,-85,-142,-195,-239,-248,-219,-163,-137,-145,-192,-215,-220,-229,-250,-273,-279,-258,-209,-140,-120,-178,-211,-120,68,309,452,527,554,523,453,355,243,133,51,5,-14,-22,-33,-44,-65,-86,-90,-84,-43,-8,16,5,-25,-38,-31,-10,15,20,-3,-45,-89,-122,-142,-179,-222,-302,-437,-505,-561,-541,-432,-252,5,292,509,653,704,681,621,551,485,390,266,130,24,-36,-83,-120,-159,-199,-227,-273,-321,-308,-294,-258,-224,-171,-94,-28,-30,-23,58,141,260,310,316,310,254,183,115,41,-21,-102,-153,-189,-209,-213,-220,-209,-192,-170,-165,-157,-162,-172,-193,-220,-214,-205,-166,-122,-75,-34,-15,-69,-182,-230,-154,45
X2.V1.674,51,214,344,345,248,151,126,212,312,399,456,459,398,287,173,101,47,31,27,38,49,72,95,104,113,96,84,71,171,250,310,418,563,782,790,172,-581,-1174,-1121,-532,73,443,581,549,446,360,264,170,42,-73,-155,-197,-208,-191,-154,-124,-96,-69,-36,7,54,81,102,120,165,242,323,380,410,380,304,209,125,219,421,681,846,888,379,-562,-1265,-1630,-1250,-805,-478,-235,-129,-101,-99,-104,-69,-92,-170,-290,-470,-653,-755,-711,-472,-101,211,284,-201,-707,-1036,-809,-282,178,420,440,323,134,-136,-562,-909,-1057,-851,-491,-124,147,331,231,-183,-787,-1238,-1252,-851,-262,328,650,616,296,-173,-608,-810,-701,-325,94,376,431,361,231,112,53,48,69,119,230,338,449,495,482,412,325,252,216,210,268,346,413,495,565,628,674,592,70,-832,-1637,-1860,-1624,-939,-425,-87,60,164,274,369,428
X17.V1.674,252,185,158,157,178,208,246,283,314,345,364,377,380,377,371,355,337,320,320,330,354,352,287,190,76,-2,-39,-62,-62,1,152,276,371,541,566,570,259,-244,-860,-1294,-1406,-1162,-783,-482,-246,-48,125,259,332,314,198,12,-175,-323,-440,-516,-559,-584,-591,-587,-553,-475,-358,-237,-22,117,253,449,571,755,833,861,715,229,-540,-1148,-1359,-1024,-541,-139,122,267,334,378,386,417,490,562,581,527,404,253,88,-97,-252,-336,-314,-247,-165,-91,-15,71,206,328,484,661,782,861,875,844,809,599,98,-599,-1113,-1328,-1275,-1173,-1152,-1066,-897,-678,-423,-188,-4,67,-15,-193,-355,-401,-339,-243,-168,-114,-65,-7,65,145,220,280,323,351,365,366,369,379,398,422,457,471,420,319,185,84,17,-32,-47,-36,-11,17,24,50,146,194,245,301,227,114,-139,-564,-909,-1107,-1064,-791,-492,-252,-45,106
X8.V1.124,269,113,0,-90,-147,-169,-145,-107,-76,-114,-211,-331,-491,-688,-846,-814,-604,-169,219,528,709,767,757,655,496,317,145,-16,-129,-214,-258,-283,-285,-271,-250,-247,-239,-245,-265,-318,-409,-518,-631,-863,-1119,-1056,-739,-94,417,764,934,1007,976,863,696,511,323,155,12,-87,-155,-197,-220,-221,-228,-235,-264,-310,-329,-326,-342,-425,-676,-1038,-986,-744,-137,363,700,888,964,939,815,672,495,318,154,17,-80,-156,-199,-227,-234,-246,-246,-248,-181,-81,44,79,-17,-306,-804,-1086,-1124,-663,-130,327,607,792,878,869,771,633,466,295,140,10,-92,-151,-185,-204,-206,-202,-185,-158,-73,13,-5,-191,-564,-1103,-1342,-1249,-717,-79,443,772,965,1027,986,863,692,507,333,178,57,-27,-96,-145,-183,-196,-171,-118,-82,-148,-276,-452,-651,-843,-955,-890,-543,-92,351,677,858,944,929,824,647,453,260,103,-15,-92,-135,-166
X15.V1.724,104,138,137,126,105,77,47,15,-30,-92,-133,-152,-113,-19,142,328,495,618,707,775,781,714,573,412,254,121,16,-28,-36,-26,-30,-81,-164,-263,-340,-385,-378,-355,-322,-279,-223,-150,-75,-5,62,103,118,102,67,27,7,4,16,31,38,31,7,-30,-29,-13,49,131,253,365,461,495,484,424,349,282,241,226,222,206,166,88,-14,-114,-180,-197,-166,-136,-139,-189,-244,-268,-236,-153,-15,141,289,379,394,322,214,154,143,213,309,414,472,478,452,398,344,280,198,116,37,-27,-78,-102,-116,-119,-112,-104,-90,-77,-71,-69,-88,-123,-175,-214,-239,-261,-288,-272,-226,-110,36,201,343,426,439,385,304,223,152,85,-4,-104,-164,-213,-158,-24,173,406,568,660,701,698,668,614,552,493,429,342,244,134,18,-91,-192,-299,-419,-577,-727,-781,-706,-494,-198,77,310,443,516,543,546,541
X17.V1.904,78,156,223,270,307,333,356,380,401,422,434,438,427,411,396,379,374,382,445,507,508,310,-135,-616,-858,-864,-566,-255,-57,-38,-216,-447,-518,-444,-323,-209,-183,-191,-209,-214,-208,-199,-197,-186,-161,-122,-63,-8,38,43,15,-26,-68,-82,-66,-32,7,31,36,46,83,189,309,400,336,154,-41,2,7,21,-10,10,103,39,-123,-282,-354,-352,-275,-158,-22,94,181,234,259,271,268,262,246,233,218,205,207,220,229,205,151,94,51,30,-4,-42,-87,-91,-69,-23,-1,31,36,26,-77,-104,-43,56,95,7,-236,-364,-473,-491,-452,-387,-310,-216,-113,-27,37,87,108,113,93,74,53,26,-4,-18,-31,-45,-59,-57,-48,-28,-3,19,45,71,109,163,272,298,318,190,-92,-369,-569,-749,-738,-475,-50,379,455,199,-148,-394,-480,-441,-330,-183,-45,78,174,240,287,311,334,350,374,398
X20.V1.904,-198,-151,-121,-60,13,103,192,270,328,362,376,381,386,386,379,365,341,317,285,257,225,198,166,134,104,76,44,14,-3,-15,-14,-11,-10,-10,-24,-40,-58,-68,-61,25,83,111,59,-109,-324,-566,-595,-580,-271,97,673,1053,1135,861,468,165,-19,-123,-141,-65,28,111,168,192,203,199,183,162,145,135,145,156,162,144,105,58,22,8,14,37,86,215,224,258,158,43,-14,-123,-193,-252,-211,-150,-109,-165,-230,-268,-267,-200,-108,-9,86,162,218,275,325,374,406,403,383,354,322,301,270,231,192,159,129,97,53,6,-32,-63,-80,-100,-130,-173,-229,-274,-314,-334,-362,-397,-435,-461,-454,-427,-394,-368,-291,-162,27,129,222,235,223,251,259,300,283,200,92,32,-52,-117,-184,-212,-208,-163,-102,-40,19,82,140,202,252,289,314,296,251,202,247,264,372,313,293,145,37,-116
X9.V1.124,-178,-209,-254,-306,-345,-365,-365,-351,-372,-448,-648,-977,-1029,-944,-470,22,447,761,917,969,922,802,623,417,218,43,-84,-176,-240,-291,-330,-350,-356,-345,-321,-275,-286,-348,-586,-1067,-1334,-1299,-821,-66,475,941,1181,1249,1174,1001,775,544,325,141,-11,-117,-189,-237,-258,-262,-239,-230,-208,-189,-174,-160,-151,-179,-368,-695,-1110,-1144,-823,-215,392,787,1034,1121,1051,876,672,467,265,91,-57,-165,-247,-297,-332,-342,-347,-322,-298,-241,-156,-87,-153,-337,-625,-953,-1069,-835,-412,219,618,887,992,977,890,745,581,401,217,49,-92,-188,-236,-253,-250,-241,-243,-244,-249,-242,-231,-206,-161,-105,-50,-121,-326,-666,-947,-823,-440,159,581,798,883,896,844,715,551,348,170,15,-94,-189,-237,-263,-278,-281,-294,-291,-280,-256,-233,-242,-279,-357,-402,-416,-388,-369,-431,-561,-554,-472,-158,193,465,648,670,639,586,493,364,201
X2.V1.874,-351,-313,-273,-226,-173,-124,-76,-25,19,56,87,122,148,167,162,151,141,137,140,148,161,179,196,212,228,237,227,192,77,-73,-245,-359,-390,-377,-328,-269,-203,-138,-73,-14,31,74,112,141,148,138,109,75,46,25,0,-26,-31,-20,29,91,130,72,-41,-192,-290,-329,-333,-304,-253,-190,-123,-64,-16,29,65,85,96,109,116,123,128,133,137,139,145,146,150,168,187,184,139,19,-123,-258,-328,-338,-328,-304,-291,-284,-283,-274,-232,-167,-89,-28,15,39,63,83,99,113,105,98,94,116,150,175,189,194,170,49,-73,-229,-312,-329,-303,-250,-185,-119,-55,4,52,93,123,146,163,169,172,168,163,150,138,121,97,78,97,145,206,252,254,193,51,-96,-229,-284,-287,-255,-207,-157,-113,-74,-49,-36,-31,-24,-20,-5,8,21,32,52,75,111,162,211,241,222,161,30,-122,-251
X19.V1.944,189,193,165,11,-215,-418,-521,-538,-497,-431,-355,-273,-210,-149,-91,-45,2,32,48,47,43,39,73,153,268,366,388,378,332,277,137,-58,-266,-416,-458,-413,-335,-245,-155,-90,-35,1,40,64,88,95,109,98,87,70,36,2,-30,-45,-16,60,186,326,419,460,491,451,339,119,-127,-309,-393,-390,-350,-261,-157,-22,102,174,185,183,182,190,172,142,125,82,25,-68,-108,-87,17,173,302,372,370,321,256,169,137,134,111,48,-106,-257,-375,-432,-433,-383,-308,-227,-156,-101,-53,-17,9,15,0,-38,-63,-68,-22,71,197,322,382,377,348,342,284,203,0,-220,-386,-469,-464,-399,-318,-221,-139,-70,-17,28,68,104,123,130,116,90,56,17,-30,-63,-59,1,140,316,426,443,419,354,285,114,-99,-279,-364,-367,-323,-262,-190,-116,-57,3,37,60,84,107,127,127,98,46,-11,-53
X2.V1.716,-509,-419,-268,-19,296,537,677,717,670,566,442,337,266,185,119,23,-62,-206,-358,-521,-615,-654,-656,-586,-508,-430,-340,-204,3,281,490,611,641,592,472,331,192,122,54,-6,-69,-112,-150,-199,-303,-448,-594,-696,-741,-721,-634,-537,-451,-341,-142,143,438,612,697,673,577,462,342,263,200,128,53,-15,-98,-209,-352,-515,-634,-688,-696,-637,-548,-461,-367,-244,-35,235,460,595,620,557,451,324,226,155,101,32,-34,-83,-127,-185,-305,-454,-602,-702,-733,-704,-613,-515,-430,-318,-121,169,433,604,651,606,507,391,304,239,182,98,18,-51,-94,-165,-276,-415,-563,-668,-722,-720,-621,-534,-421,-335,-156,99,376,582,650,630,527,419,326,260,195,110,31,-41,-99,-165,-276,-417,-568,-690,-738,-749,-682,-595,-503,-403,-238,0,315,544,671,670,592,489,388,313,241,158,71,-7,-76,-129,-225,-348,-493,-622
X19.V1.504,-40,-43,-36,-27,-20,-11,-1,12,29,42,55,71,89,94,90,85,85,84,80,77,65,57,49,47,44,43,46,48,56,56,57,83,74,-5,-110,-185,-150,-49,-1,-62,-187,-320,-381,-383,-331,-273,-214,-165,-124,-77,-21,18,29,40,76,136,206,257,286,257,205,129,86,101,151,220,246,234,201,158,121,105,109,130,111,71,8,-1,68,156,212,189,138,82,40,18,7,10,13,32,46,59,65,66,68,71,82,78,73,66,62,59,53,55,48,42,31,17,0,-14,-30,-40,-43,-42,-52,-59,-61,-14,8,-39,-157,-272,-313,-281,-236,-244,-269,-288,-268,-215,-154,-113,-114,-116,-139,-141,-111,-35,76,179,220,216,185,157,144,128,115,119,139,160,171,171,168,162,152,141,125,105,77,36,-2,-32,-33,-24,-3,18,19,19,14,18,17,26,39,47,53,48,48,41
X1.V1.874,80,86,91,100,107,116,127,153,207,258,303,332,325,284,171,8,-154,-263,-299,-298,-271,-229,-193,-162,-124,-91,-61,-42,-67,-67,-45,31,125,190,234,251,241,206,171,120,22,-95,-201,-244,-229,-180,-123,-61,-13,19,33,41,51,63,74,92,116,141,160,174,178,181,181,188,187,190,192,198,210,216,202,140,40,-72,-178,-257,-315,-352,-379,-388,-385,-368,-339,-290,-229,-169,-106,-54,-5,35,71,101,126,148,161,165,160,157,160,161,157,117,37,-75,-167,-237,-266,-294,-309,-311,-301,-279,-257,-231,-199,-162,-125,-96,-64,-64,-37,-12,14,51,86,120,147,163,171,176,185,196,208,221,220,187,79,-54,-225,-353,-441,-494,-510,-497,-469,-434,-390,-338,-274,-214,-157,-104,-59,-12,34,78,112,141,165,183,189,187,181,176,189,205,215,191,168,140,135,136,71,-48,-199,-324,-376,-377
X4.V1.424,-70,-110,-160,-166,-152,-103,-46,-13,11,24,28,26,44,72,118,172,173,148,120,71,54,2,-29,-76,-111,-121,-129,-105,-106,-94,-105,-125,-111,-91,-50,-23,-16,1,31,84,104,100,64,20,-16,-47,-90,-117,-159,-168,-148,-117,-111,-132,-115,-116,-68,-25,26,58,86,100,94,101,89,74,87,86,82,72,46,-15,-55,-108,-125,-93,-77,-65,-55,-61,-46,-35,-20,12,27,72,92,105,116,134,131,129,128,136,124,107,69,22,-23,-58,-61,-42,-37,-18,-16,-2,25,63,103,106,144,146,161,143,100,66,32,23,0,-4,-36,-92,-123,-145,-132,-123,-92,-76,-39,-10,-1,17,17,24,40,32,41,41,39,32,14,-5,-32,-56,-71,-88,-104,-86,-29,46,111,135,128,104,68,20,-24,-64,-83,-92,-95,-83,-76,-48,-24,11,33,43,50,60,65,87,98,96,61,32,-2,-24
X16.V1.184,-867,-433,18,444,745,904,961,922,811,658,493,332,217,169,147,148,117,67,3,-89,-190,-268,-302,-311,-302,-290,-277,-262,-253,-256,-257,-266,-274,-275,-274,-274,-268,-269,-264,-266,-262,-256,-243,-238,-248,-262,-280,-287,-244,-181,-111,-65,-101,-215,-365,-539,-766,-944,-988,-836,-540,-165,218,597,911,1037,1018,929,829,806,824,841,828,766,660,537,453,381,302,235,178,153,131,100,102,138,184,190,138,45,-39,-82,-94,-90,-79,-71,-57,-39,-19,-7,-12,-53,-128,-175,-189,-159,-147,-239,-385,-513,-519,-370,-107,191,472,712,892,1007,1000,934,826,706,579,428,280,173,106,69,43,15,-28,-91,-172,-247,-299,-321,-325,-315,-290,-272,-264,-277,-296,-314,-332,-344,-346,-319,-264,-209,-169,-174,-214,-284,-332,-365,-481,-662,-793,-825,-646,-319,119,573,950,1153,1204,1117,953,782,676,644,640,620,539,395,226,90
X13.V1.974,-247,-389,-477,-484,-412,-285,-171,-82,-9,70,156,257,348,382,413,360,308,218,120,45,-11,-17,35,107,145,90,23,-69,-172,-303,-400,-413,-329,-211,-123,-58,-5,50,121,224,319,361,386,330,267,162,75,5,-23,-1,75,161,232,252,224,147,17,-67,-124,-148,-227,-365,-478,-484,-423,-327,-224,-136,-20,101,191,244,244,204,170,145,139,164,194,215,227,145,32,-111,-183,-241,-320,-407,-477,-459,-358,-226,-95,-11,62,125,211,277,315,337,320,272,210,137,118,146,187,200,155,57,-82,-264,-406,-500,-537,-465,-360,-227,-123,-36,33,108,190,299,363,420,418,364,279,157,54,-13,-62,-72,-31,12,114,215,297,281,91,-179,-406,-521,-509,-426,-339,-253,-187,-123,-56,31,150,255,323,359,311,227,122,34,-12,-35,-27,21,114,220,303,337,337,290,186,28,-100,-151,-186,-270,-422,-570
X14.V1.374,-305,-278,-248,-252,-282,-348,-458,-527,-507,-410,-231,-61,108,236,287,273,226,179,133,96,55,10,-27,-47,-64,-68,-54,-44,-38,-40,-27,-19,-4,-9,-18,-19,-16,0,11,31,54,104,158,211,248,245,247,221,200,158,138,129,121,98,67,24,-8,-38,-55,-68,-71,-72,-72,-75,-74,-84,-99,-109,-97,-68,-64,-66,-101,-158,-260,-362,-394,-337,-198,-50,77,187,261,291,267,235,187,141,108,74,48,29,22,16,14,14,20,25,32,38,44,39,40,37,36,37,34,37,31,29,30,30,30,28,26,21,17,14,3,3,-1,4,22,66,103,120,93,48,-28,-124,-214,-234,-191,-70,108,263,411,498,557,581,557,482,380,265,168,82,3,-54,-93,-120,-127,-135,-144,-151,-157,-148,-135,-124,-116,-107,-98,-83,-66,-55,-44,-29,-18,-12,-6,-2,2,2,4,3,-1,-8,-9,-12
X19.V1.664,-844,-775,-704,-613,-583,-511,-468,-458,-432,-368,-248,-116,55,232,377,475,472,377,259,147,69,4,-49,-88,-98,-108,-114,-86,-30,71,133,165,159,40,-32,-142,-202,-173,-88,88,256,278,120,-327,-619,-826,-712,-418,-115,159,302,315,212,45,-136,-251,-263,-185,-55,67,166,230,295,364,433,460,456,442,448,475,520,567,605,626,646,651,653,677,673,697,708,727,713,640,487,311,148,59,27,44,66,86,79,85,76,102,124,147,33,-219,-452,-742,-867,-893,-880,-801,-688,-513,-279,-42,115,220,291,346,344,298,178,24,-111,-203,-246,-260,-283,-301,-314,-311,-294,-249,-177,-61,68,142,184,131,-10,-66,-142,-113,-22,101,288,436,429,196,-251,-582,-795,-756,-615,-471,-268,-141,-55,-85,-173,-242,-261,-201,-95,31,171,320,448,551,615,649,652,653,659,681,717,766,814,839,834,769,663,541
X12.V1.116,478,492,506,518,531,535,534,487,329,-15,-570,-952,-1061,-568,-91,250,342,145,-257,-790,-1111,-1044,-641,-166,77,210,242,168,34,-147,-293,-334,-279,-179,-70,23,111,194,270,343,410,463,462,405,237,35,-124,-54,209,495,700,753,675,347,-112,-666,-969,-957,-703,-552,-308,-194,-46,12,14,72,155,233,259,224,162,102,51,30,43,90,140,198,245,284,311,331,351,366,383,390,403,415,433,447,457,464,465,466,464,467,468,469,469,461,473,478,370,161,-79,-196,-175,-120,-134,-224,-355,-538,-648,-684,-581,-436,-315,-233,-181,-124,-45,18,48,53,50,54,58,61,51,49,26,-15,-73,-155,-209,-269,-238,-114,-83,-138,-289,-462,-565,-533,-459,-242,-218,-194,-152,-86,51,141,145,79,-40,-92,-18,161,364,538,713,825,872,777,539,190,-140,-308,-155,192,609,777,708,409,111,-245,-635,-802
X8.V1.894,-70,-1,187,470,672,823,671,326,-46,-274,-245,-239,-271,-343,-387,-412,-360,-383,-359,-351,-323,-269,-222,-183,-151,-125,-86,-42,-10,3,-3,-18,-38,-66,-91,-113,-115,-98,-90,-102,-136,-182,-225,-252,-255,-230,-198,-169,-34,252,559,836,768,506,115,-147,-275,-331,-373,-467,-379,-200,29,193,199,130,38,-37,-69,-47,-183,-28,-18,-311,-414,-549,-500,-180,70,206,356,426,295,183,-42,-64,-33,129,253,329,312,146,272,82,97,-212,-288,-327,-199,-102,-34,-53,0,57,-45,-314,-414,-505,-424,-259,57,345,614,618,602,142,-124,-356,-370,-348,-241,-251,-35,165,343,426,324,124,-21,-54,-25,13,6,72,-67,2,-209,-227,-420,-401,-350,-159,-121,34,-19,-162,-133,-397,-593,-726,-578,-291,44,314,420,440,507,425,243,124,56,119,163,149,161,83,125,26,195,-29,-25,-37,61,143,114,35,66,-48
X23.V1.204,-136,-151,-153,-158,-156,-157,-153,-148,-137,-126,-114,-104,-93,-86,-78,-72,-60,-45,-33,-22,-24,-24,-23,-28,-29,-30,-31,-35,-36,-37,-39,-37,-37,-40,-37,-33,-25,-13,-1,17,10,-55,-145,-178,-83,98,256,309,282,231,186,134,91,53,34,36,40,38,33,43,42,44,23,5,-16,-35,-50,-65,-74,-88,-95,-103,-103,-96,-89,-78,-65,-55,-49,-45,-36,-37,-34,-36,-36,-36,-36,-35,-30,-22,-12,-2,1,7,12,17,18,20,21,19,24,25,20,23,25,27,32,46,61,79,93,84,11,-85,-119,-31,140,289,344,321,275,233,183,144,103,86,97,123,134,117,89,52,35,11,2,-5,-11,-38,-62,-88,-104,-110,-108,-112,-113,-112,-103,-100,-98,-95,-94,-92,-91,-89,-86,-84,-78,-70,-63,-53,-46,-37,-34,-29,-28,-23,-15,-13,-14,-9,-10,-5,-2,1,1,-2,-8,-9
X1.V1.464,-10,-658,-1254,-1395,-977,-198,419,785,873,867,766,623,321,-179,-710,-873,-583,-11,469,707,720,624,501,397,383,406,410,383,314,225,128,45,0,16,53,86,74,59,82,151,248,318,329,323,157,-446,-1390,-1861,-1866,-1568,-556,458,914,1105,857,80,-638,-929,-647,-90,244,326,312,258,180,93,38,-16,-70,-101,-111,-91,-41,-12,10,10,2,-3,0,14,47,91,140,194,259,320,350,320,251,157,87,61,71,109,162,178,190,189,190,194,216,284,416,523,308,-379,-981,-1257,-931,-417,-46,125,184,155,84,-67,-235,-381,-416,-353,-288,-224,-164,-103,-36,30,89,147,192,217,244,265,308,374,449,575,655,592,5,-1119,-1771,-1866,-1539,-636,189,657,867,824,418,-309,-985,-1187,-835,-161,335,589,647,613,501,309,0,-415,-758,-799,-442,28,465,713,787,758,666,533,327,60,-211,-314,-208,129
X9.V1.644,-90,-90,-86,-83,-81,-78,-74,-73,-70,-68,-60,-58,-54,-50,-50,-53,-54,-57,-61,-63,-67,-73,-78,-81,-80,-79,-82,-84,-85,-72,-45,-12,1,5,25,56,55,31,-33,-119,-127,55,418,796,1150,1473,1846,2047,2047,2047,2047,2047,2021,1890,1777,1674,1590,1527,1465,1401,1337,1285,1229,1161,1065,967,867,776,681,584,487,401,337,291,281,306,361,428,461,460,438,396,339,254,151,79,56,96,209,362,429,396,267,142,70,57,77,118,117,46,-95,-264,-407,-493,-522,-518,-494,-462,-425,-389,-363,-354,-384,-419,-407,-278,-52,132,204,149,66,28,7,-20,-73,-150,-212,-243,-188,-22,186,305,274,88,-112,-231,-300,-351,-399,-469,-543,-605,-641,-637,-621,-615,-631,-666,-688,-707,-727,-735,-738,-701,-646,-537,-323,-40,176,250,172,65,13,24,43,75,91,96,80,32,-49,-154,-255,-340,-399,-431,-434,-432
X11.V1.317,72,75,72,79,74,53,11,-48,-66,-21,57,167,248,289,318,293,235,193,129,88,50,20,-20,-59,-91,-114,-127,-133,-134,-141,-153,-166,-169,-165,-150,-133,-134,-140,-144,-144,-118,-109,-108,-133,-167,-190,-206,-223,-230,-231,-222,-212,-201,-191,-187,-173,-165,-151,-142,-130,-120,-113,-102,-95,-83,-77,-66,-55,-43,-29,-20,-14,-9,-1,-2,1,3,3,2,1,5,3,9,15,18,19,15,18,15,19,21,20,19,15,14,9,10,8,12,11,8,11,7,6,5,5,-2,-6,-7,-6,-9,-9,-8,-11,-7,-13,-14,-17,-15,-16,-16,-17,-22,-26,-29,-26,-24,-25,-23,-21,-24,-29,-39,-75,-131,-195,-200,-151,-53,79,190,253,300,262,220,152,84,31,-16,-63,-109,-153,-185,-207,-223,-237,-246,-244,-240,-226,-216,-209,-205,-202,-204,-202,-210,-215,-211,-197,-182,-174,-180,-169,-164,-155,-150,-141
X21.V1.484,-220,17,198,210,105,-41,-168,-224,-300,-407,-495,-554,-592,-591,-590,-584,-570,-540,-453,-312,-149,16,173,302,379,402,390,358,322,282,256,252,259,263,256,252,255,236,236,235,277,356,466,357,-198,-1032,-1610,-1676,-1059,-426,-15,118,-75,-479,-797,-805,-425,87,479,680,821,870,861,839,758,651,547,473,442,394,325,221,106,-4,-104,-161,-199,-197,-188,-145,-127,-108,-90,-56,1,77,224,449,648,814,885,900,942,936,913,831,478,-111,-772,-1154,-1085,-705,-323,-155,-132,-137,-137,-123,-294,-493,-686,-679,-497,-262,-96,-17,27,55,89,136,185,234,272,302,314,311,286,226,189,158,139,121,83,21,-63,-163,-249,-298,-299,-284,-264,-231,-185,-78,126,312,476,580,619,662,662,698,782,589,-58,-909,-1499,-1485,-1039,-548,-221,-111,-45,-71,-191,-385,-538,-557,-414,-272,-194,-173,-177,-196,-213,-224,-218,-195
X1.V1.744,45,51,62,72,82,86,101,113,144,211,277,338,368,358,305,184,26,-129,-231,-269,-261,-234,-190,-172,-174,-180,-199,-208,-210,-189,-131,-56,25,94,144,172,184,168,136,89,28,-67,-156,-228,-238,-202,-153,-95,-34,11,34,40,46,54,68,81,94,108,125,136,141,142,137,131,129,132,138,150,176,205,218,189,110,-4,-122,-209,-257,-287,-313,-340,-369,-378,-373,-352,-312,-264,-210,-158,-103,-51,-4,37,73,106,129,143,149,155,160,170,168,151,90,-17,-139,-238,-283,-284,-287,-283,-275,-256,-236,-220,-214,-200,-188,-172,-151,-126,-126,-95,-66,-28,16,58,96,122,144,157,169,182,199,216,237,239,193,84,-73,-229,-345,-414,-450,-468,-472,-470,-447,-421,-379,-328,-277,-223,-176,-119,-61,-1,54,105,142,168,187,191,184,177,177,184,200,206,192,184,162,159,144,82,-32,-174,-299,-356
X23.V1.216,109,114,102,84,69,75,108,160,217,261,297,312,304,270,206,130,52,-10,-46,-47,-17,26,82,85,81,61,54,51,11,-74,-227,-404,-618,-706,-792,-778,-696,-525,-270,6,177,176,107,49,25,23,10,20,66,116,149,178,201,225,259,297,338,377,408,430,423,376,290,187,81,-1,-38,-15,49,190,271,329,341,296,198,53,-154,-387,-527,-617,-628,-496,-351,-198,-70,-54,-78,-164,-216,-226,-193,-145,-73,11,90,148,180,202,223,240,257,284,313,340,362,364,344,311,262,200,129,57,11,3,41,106,148,175,141,130,151,174,212,195,112,-48,-174,-369,-534,-668,-751,-762,-651,-430,-160,77,226,248,199,107,21,-21,-12,29,75,111,145,168,169,150,113,106,137,204,291,388,477,546,574,546,467,360,255,164,123,126,184,312,410,470,496,437,345,108,-216,-525,-735,-847
X4.V1.534,449,364,208,-2,-249,-406,-497,-481,-406,-284,-140,-26,52,96,109,119,120,108,97,85,63,28,23,93,252,403,491,491,369,136,-168,-368,-433,-391,-314,-215,-103,19,82,110,107,117,110,83,22,-29,-37,53,194,350,445,473,441,341,180,-73,-288,-465,-523,-465,-382,-235,-100,10,70,93,100,96,102,89,82,52,15,4,62,195,357,487,535,482,328,75,-198,-397,-502,-472,-403,-274,-134,-34,38,65,67,55,48,31,24,-4,-20,-42,4,132,307,465,541,538,412,219,-95,-311,-492,-522,-463,-367,-214,-88,3,54,67,67,51,43,36,13,-10,-47,-25,68,243,419,531,546,474,307,49,-220,-424,-518,-501,-422,-278,-133,-22,48,78,75,70,51,35,17,-2,-33,-37,20,165,351,501,572,550,429,234,-71,-287,-459,-495,-441,-353,-204,-70,19,69,78,73,60,40,27,-1,-20
X23.V1.584,-413,-530,-641,-758,-868,-1002,-1101,-957,-663,-129,447,936,1349,1567,1631,1532,1288,975,708,539,462,372,269,143,4,-129,-223,-280,-257,-197,-102,-1,18,-42,-168,-326,-444,-547,-728,-916,-1040,-983,-690,-284,159,551,828,966,971,905,792,648,501,353,202,43,-68,-96,-71,-52,-66,-71,-98,-130,-205,-351,-512,-630,-718,-754,-797,-764,-582,-269,133,474,744,868,887,808,705,646,626,630,581,451,308,176,97,16,-79,-168,-227,-264,-311,-308,-319,-312,-265,-197,-149,-216,-364,-544,-677,-695,-542,-242,122,403,536,521,405,264,141,56,3,25,71,146,157,79,-80,-261,-374,-406,-373,-290,-208,-145,-152,-191,-187,-157,-160,-205,-304,-412,-415,-333,-128,134,378,589,692,732,732,720,710,666,551,416,221,9,-173,-304,-341,-324,-262,-196,-185,-234,-333,-439,-506,-509,-465,-356,-280,-235,-292,-371,-431,-443,-401,-382,-366,-351
X8.V1.254,-7,-4,-11,-18,-10,-17,-32,-58,-92,-127,-146,-141,-126,-112,-116,-151,-178,-181,-119,-3,145,291,377,412,413,392,342,283,223,158,101,52,3,-53,-111,-164,-213,-248,-260,-266,-287,-307,-282,-195,-44,128,255,318,325,288,232,164,110,61,11,-25,-56,-85,-111,-131,-140,-153,-163,-181,-207,-226,-218,-207,-206,-187,-114,10,157,293,382,425,431,402,348,283,219,142,70,13,-29,-64,-91,-101,-103,-96,-103,-116,-145,-152,-142,-119,-95,-63,-3,83,196,304,370,398,390,352,284,206,130,51,-23,-82,-129,-164,-188,-212,-241,-271,-280,-268,-235,-208,-189,-155,-91,57,198,332,412,443,425,377,330,255,169,85,23,-24,-49,-66,-87,-117,-138,-152,-168,-178,-194,-221,-268,-328,-395,-402,-326,-180,-14,147,296,420,462,445,404,349,288,230,171,110,61,18,-12,-41,-52,-65,-84,-98,-111,-125,-140,-161
X15.V1.454,4,-19,-4,17,48,49,26,8,-8,-14,-42,-70,-94,-106,-122,-119,-138,-168,-208,-294,-374,-405,-359,-238,-90,86,298,489,578,569,492,414,343,263,180,110,66,30,15,0,-12,-47,-113,-186,-255,-308,-313,-269,-187,-130,-115,-149,-183,-208,-217,-215,-200,-175,-145,-186,-336,-560,-677,-609,-324,-1,284,474,589,624,579,479,357,227,120,44,6,-10,-13,-17,-23,-37,-57,-67,-71,-46,-31,-27,-56,-99,-122,-125,-109,-86,-69,-73,-88,-118,-149,-172,-203,-253,-372,-545,-669,-792,-780,-626,-369,-13,292,539,706,752,692,583,479,392,300,192,79,-10,-51,-77,-83,-88,-98,-112,-143,-177,-182,-191,-253,-328,-391,-404,-355,-352,-245,-68,135,331,423,457,451,388,296,199,97,9,-76,-132,-162,-177,-172,-165,-147,-134,-132,-148,-155,-168,-175,-176,-179,-165,-167,-163,-165,-182,-239,-350,-521,-593,-473,-187,177,423
X6.V1.254,-229,-101,45,179,245,287,314,312,301,283,257,220,169,102,21,-51,-110,-152,-188,-206,-226,-251,-265,-267,-222,-143,-39,39,71,88,101,89,56,20,-30,-87,-132,-164,-177,-176,-146,-92,-18,78,166,221,229,220,187,156,122,85,35,-4,-28,-60,-87,-110,-118,-128,-142,-155,-219,-286,-293,-221,-72,88,220,317,365,380,363,313,260,203,163,123,88,64,36,7,-28,-71,-104,-121,-130,-147,-168,-210,-294,-424,-507,-478,-323,-131,79,245,393,488,507,477,421,350,272,194,114,39,-31,-84,-115,-144,-170,-188,-223,-270,-313,-343,-375,-404,-358,-252,-64,122,269,356,394,404,379,342,285,222,135,66,6,-39,-83,-97,-109,-126,-146,-188,-229,-278,-324,-376,-392,-350,-225,-59,102,229,306,327,336,327,311,288,264,217,151,85,36,3,-30,-67,-108,-142,-156,-161,-167,-177,-174,-185,-195,-225,-280,-356
X23.V1.917,390,344,227,113,3,-57,-62,-25,41,112,164,192,183,137,57,-37,-131,-201,-203,-163,-93,-31,4,23,22,-7,-57,-92,-105,-103,-100,-108,-123,-132,-139,-156,-184,-229,-280,-320,-368,-427,-467,-386,-226,-2,176,288,333,305,213,103,19,0,64,191,328,424,452,424,352,253,143,71,56,89,143,156,136,77,7,-49,-84,-77,-54,-32,-29,-40,-60,-95,-145,-202,-254,-280,-290,-300,-355,-430,-373,-250,-15,201,362,450,428,294,109,-55,-168,-210,-172,-69,54,171,269,338,374,378,339,263,171,75,-17,-88,-143,-164,-153,-117,-78,-54,-67,-93,-132,-158,-184,-194,-202,-198,-180,-161,-136,-106,-90,-95,-126,-181,-222,-251,-259,-271,-331,-411,-423,-366,-229,-79,40,126,195,242,307,395,504,592,656,696,701,659,545,368,196,80,48,73,93,75,5,-101,-204,-279,-308,-288,-254,-220,-200,-201,-205,-209
X19.V1.544,1,34,64,97,121,147,166,183,195,206,219,231,246,260,269,262,251,232,191,136,78,50,54,81,75,76,75,76,55,-3,-77,-151,-211,-258,-285,-295,-283,-257,-211,-160,-109,-53,-10,37,72,98,114,115,113,105,95,81,97,115,126,109,71,25,0,-17,-45,-83,-126,-161,-183,-192,-190,-182,-157,-126,-84,-43,-3,33,61,82,97,106,108,112,123,132,140,145,144,145,153,170,190,207,212,216,211,185,143,87,53,23,11,32,99,179,214,169,70,-52,-161,-241,-284,-303,-295,-266,-226,-183,-136,-94,-47,-9,21,32,40,47,49,38,20,31,62,83,68,26,-14,-26,-28,-39,-60,-79,-101,-129,-153,-170,-185,-180,-164,-135,-106,-75,-42,-17,18,40,70,98,130,152,158,131,97,55,36,43,79,93,97,88,105,126,148,121,60,-19,-106,-184,-248,-283,-296,-286,-259,-216
X23.V1.854,63,117,169,207,237,260,283,302,307,294,261,214,160,65,-85,-324,-536,-545,-327,1,257,355,365,336,263,193,116,47,-4,-38,-63,-74,-62,-46,-42,-33,-18,-5,-29,-95,-170,-191,-160,-76,13,82,132,158,151,129,107,92,89,100,123,151,160,107,-72,-268,-368,-328,-177,-79,-17,14,39,60,60,49,28,6,-24,-49,-72,-83,-86,-71,-55,-38,-27,-1,31,65,86,96,71,22,-38,-112,-155,-156,-108,-39,3,18,12,9,46,119,209,278,317,315,294,199,-18,-232,-217,-64,152,247,210,155,95,25,-47,-81,-74,-38,-25,-53,-105,-155,-181,-165,-126,-86,-56,-38,-18,4,24,36,19,-53,-174,-322,-431,-420,-336,-209,-127,-36,61,132,182,146,85,8,-62,-91,-126,-162,-192,-202,-180,-138,-85,-47,-16,-12,-19,-39,-60,-64,-45,4,55,88,90,84,68,31,-22,-64,-66,-31
X10.V1.694,-254,-301,-319,-304,-242,-176,-141,-142,-171,-187,-161,-113,-28,100,244,343,356,312,256,184,108,27,-57,-146,-223,-298,-369,-416,-429,-403,-332,-238,-150,-115,-142,-167,-187,-160,-99,-19,83,201,295,336,323,277,200,107,15,-68,-140,-202,-236,-260,-275,-252,-188,-128,-79,-92,-116,-142,-137,-89,-6,108,220,280,283,248,200,126,43,-37,-116,-189,-242,-269,-280,-272,-255,-239,-222,-191,-181,-170,-184,-187,-175,-164,-123,-61,24,142,251,313,316,296,257,206,158,111,63,13,-29,-76,-135,-195,-254,-313,-343,-319,-259,-213,-206,-235,-262,-249,-201,-133,-48,52,158,222,239,219,172,112,65,33,2,-32,-73,-124,-180,-232,-267,-273,-223,-137,-65,-37,-79,-126,-184,-194,-165,-108,-33,56,133,174,185,171,131,76,20,-28,-66,-100,-136,-186,-248,-302,-348,-344,-262,-151,-82,-97,-156,-202,-225,-188,-88,38,154,219
X5.V1.954,-15,-14,-18,-33,-39,-7,64,161,225,249,223,149,55,-32,-91,-109,-95,-72,-60,-54,-55,-54,-51,-39,-27,-10,5,16,28,48,83,114,136,146,167,179,175,128,38,-55,-130,-158,-154,-140,-116,-100,-92,-86,-79,-76,-65,-54,-56,-63,-74,-87,-116,-152,-168,-150,-98,-47,0,35,53,42,-5,-79,-149,-201,-235,-239,-230,-211,-194,-172,-149,-123,-97,-71,-39,-1,44,71,77,67,50,43,38,33,18,-16,-53,-95,-133,-159,-168,-158,-139,-112,-79,-49,-22,11,32,46,47,53,60,63,69,63,57,50,35,-1,-51,-97,-135,-153,-159,-157,-159,-161,-167,-175,-182,-180,-173,-168,-159,-143,-115,-77,-27,21,32,19,-25,-81,-128,-158,-159,-142,-120,-108,-103,-110,-112,-115,-119,-113,-102,-82,-56,-26,2,32,67,91,106,107,112,120,131,133,107,32,-74,-149,-167,-136,-98,-104,-128,-157,-143,-112
X19.V1.254,63,10,-55,-111,-156,-199,-241,-275,-296,-303,-285,-249,-171,-93,16,115,194,258,293,294,271,249,226,209,195,178,149,115,81,42,-3,-47,-94,-156,-225,-266,-285,-266,-208,-125,-30,53,123,164,183,185,172,144,123,106,86,57,28,2,-29,-46,-66,-81,-99,-102,-104,-122,-141,-158,-191,-240,-311,-314,-241,-86,97,234,318,357,341,289,235,185,144,102,64,24,-20,-55,-83,-110,-138,-152,-171,-185,-198,-221,-254,-288,-285,-274,-232,-170,-61,49,145,198,207,197,197,215,224,223,194,131,52,-16,-64,-107,-131,-151,-175,-192,-195,-172,-144,-110,-72,-41,-3,55,118,164,187,196,187,166,135,93,48,15,-6,-26,-47,-54,-62,-70,-87,-116,-151,-187,-186,-133,-39,96,224,302,323,316,285,242,199,158,110,74,45,8,-30,-64,-85,-108,-121,-121,-115,-113,-135,-172,-220,-243,-229,-206,-166,-89
X5.V1.884,-191,-200,-210,-213,-213,-214,-216,-213,-208,-205,-199,-194,-191,-187,-184,-171,-136,-54,59,163,192,188,197,136,87,-64,-151,-129,-33,103,185,251,275,287,289,275,244,193,156,151,173,207,219,218,219,227,236,208,191,197,224,317,330,317,266,215,246,274,286,273,243,180,93,19,47,96,155,124,77,47,75,98,110,103,84,70,40,18,-12,-27,-34,-37,-43,-47,-52,-62,-74,-86,-89,-78,-38,46,130,196,221,237,195,160,24,-120,-188,-166,-49,43,108,140,143,149,143,112,81,42,50,80,117,138,135,125,129,133,132,134,128,80,54,45,121,200,173,135,143,199,282,273,206,165,126,72,5,-47,-72,-69,-60,-52,-48,-51,-53,-64,-78,-93,-104,-117,-124,-129,-135,-146,-153,-156,-164,-167,-168,-166,-163,-161,-155,-153,-149,-143,-139,-139,-133,-127,-122,-118,-114,-98,-49,53
X2.V1.174,10,20,35,56,73,87,103,112,117,119,125,124,132,135,138,137,141,146,143,147,146,145,139,135,135,128,125,122,118,108,97,83,77,81,77,73,60,67,79,86,88,60,9,-95,-162,-58,223,474,557,413,203,49,-56,-131,-176,-203,-220,-238,-246,-266,-280,-305,-309,-311,-304,-280,-244,-204,-172,-148,-130,-111,-119,-148,-197,-225,-214,-189,-161,-147,-137,-123,-106,-88,-77,-63,-53,-48,-79,-121,-176,-208,-201,-164,-123,-85,-50,-28,-17,-21,-25,-47,-79,-118,-130,-123,-108,-93,-84,-75,-57,-36,-25,-12,-1,9,12,21,25,38,51,69,88,99,117,123,125,116,109,97,87,86,98,111,123,106,74,6,-63,-42,105,327,491,491,385,257,150,47,-33,-89,-116,-127,-125,-123,-114,-107,-93,-86,-66,-57,-50,-73,-129,-194,-229,-218,-169,-90,-18,22,25,-1,-19,-26,-54,-101,-139,-157
X16.V1.254,27,5,-28,-62,-108,-152,-197,-237,-293,-331,-334,-308,-237,-134,-3,117,216,286,327,325,281,227,162,112,76,38,4,-27,-59,-95,-123,-141,-154,-170,-184,-202,-219,-229,-223,-185,-142,-66,23,96,173,237,279,296,285,251,200,150,94,27,-47,-102,-156,-203,-236,-262,-295,-351,-376,-366,-297,-186,-82,-10,35,71,95,108,106,104,90,71,48,17,-7,-15,-14,-24,-42,-46,-55,-61,-62,-67,-76,-87,-104,-120,-128,-129,-125,-128,-132,-141,-165,-189,-204,-205,-209,-223,-267,-307,-297,-179,-7,183,348,474,537,532,498,454,401,335,253,155,67,0,-44,-84,-100,-106,-114,-129,-150,-189,-243,-263,-232,-158,-68,24,105,188,257,317,342,343,329,290,240,189,144,101,65,37,-3,-64,-141,-216,-290,-339,-360,-326,-251,-124,4,99,170,217,238,244,248,248,237,223,205,189,165,135,94,45,-6,-48
X2.V1.964,393,396,374,339,244,117,-60,-277,-466,-624,-676,-625,-498,-330,-169,-49,24,73,122,206,262,322,340,368,391,414,461,506,531,510,448,321,169,-63,-337,-584,-768,-827,-767,-626,-460,-320,-217,-134,-52,40,129,190,245,281,318,365,411,437,429,396,319,192,12,-219,-442,-653,-751,-736,-621,-456,-297,-181,-92,-20,60,131,200,252,294,321,342,378,430,477,498,477,418,290,127,-117,-408,-680,-869,-891,-808,-632,-471,-338,-237,-149,-52,42,125,195,245,285,320,363,423,486,525,525,469,359,237,21,-228,-510,-711,-771,-710,-547,-398,-255,-157,-74,20,107,183,248,294,338,364,397,442,491,525,525,493,404,282,87,-179,-439,-665,-773,-736,-617,-464,-331,-235,-154,-73,21,103,165,215,255,281,317,367,434,481,500,470,410,292,122,-132,-395,-652,-791,-785,-673,-506,-353,-237,-150,-68,23,110,178
X7.V1.294,285,282,311,361,427,478,577,634,448,6,-525,-852,-855,-653,-539,-484,-459,-401,-287,-182,-76,11,87,132,148,131,94,38,-7,-48,-86,-121,-157,-187,-202,-219,-221,-224,-227,-212,-195,-177,-188,-231,-287,-343,-390,-435,-461,-450,-318,9,472,906,1131,1029,587,55,-599,-999,-1118,-974,-664,-365,-102,129,310,454,533,618,725,791,781,703,632,633,657,670,669,765,827,469,-144,-875,-1216,-1144,-823,-523,-248,-63,82,203,298,354,375,383,377,358,320,267,209,162,124,98,74,54,33,27,11,10,13,52,69,26,-104,-267,-384,-430,-378,-122,224,638,885,944,823,502,12,-596,-1068,-1202,-980,-641,-341,-84,138,337,475,562,657,767,823,764,589,400,277,215,190,235,379,456,388,-38,-582,-1022,-1138,-1012,-766,-607,-420,-285,-141,-14,97,203,267,310,323,297,274,249,249,258,241,206,106,-22,-173,-308
X22.V1.954,169,118,47,-35,-107,-163,-203,-234,-257,-276,-279,-267,-243,-210,-175,-138,-102,-68,-41,-25,-12,0,9,1,-16,-43,-72,-107,-138,-165,-188,-198,-216,-230,-258,-268,-254,-217,-159,-112,-86,-84,-114,-143,-175,-174,-161,-133,-103,-69,-45,-30,-21,-28,-45,-77,-98,-108,-101,-91,-77,-73,-75,-75,-81,-84,-88,-78,-56,-12,45,99,145,173,156,104,39,-17,-70,-110,-147,-165,-177,-177,-159,-137,-110,-90,-83,-83,-79,-65,-37,-11,8,19,21,18,13,10,7,7,8,14,33,57,86,105,111,99,44,-34,-140,-227,-250,-211,-139,-80,-50,-35,-22,-2,32,72,120,147,150,125,89,60,36,22,12,4,-9,-24,-41,-61,-85,-97,-97,-91,-82,-70,-64,-65,-79,-110,-158,-223,-263,-281,-247,-173,-99,-52,-36,-40,-32,-26,-8,8,14,8,-12,-35,-49,-39,-25,-11,2,7,5,-1,-3,-11,-17,-19
X8.V1.783,-74,-85,-97,-101,-106,-107,-107,-97,-88,-74,-66,-65,-66,-63,-58,-52,-51,-58,-67,-72,-77,-81,-85,-87,-83,-85,-92,-96,-99,-92,-79,-67,-49,-34,-23,-23,-19,-13,-5,-9,-14,-27,-28,-19,2,29,34,31,23,18,14,5,-4,-22,-24,-16,-17,-10,-23,-36,-50,-50,-53,-62,-76,-96,-102,-106,-104,-107,-113,-113,-103,-89,-84,-72,-61,-49,-34,-25,-19,-19,-24,-27,-32,-30,-35,-30,-21,-15,-5,0,-3,-15,-28,-31,-18,-8,2,0,-12,-17,-27,-29,-41,-44,-51,-56,-54,-53,-43,-33,-21,-14,-13,-12,-6,-3,-9,-21,-27,-33,-46,-61,-60,-72,-65,-67,-59,-55,-49,-48,-46,-34,-31,-21,-26,-29,-48,-65,-80,-79,-85,-87,-90,-94,-93,-98,-98,-107,-105,-115,-121,-130,-134,-118,-115,-109,-105,-110,-106,-100,-92,-88,-83,-70,-62,-66,-53,-42,-30,-27,-19,-14,-12,-18,-19,-22
X22.V1.593,77,78,80,88,88,85,90,88,91,82,80,70,64,58,51,37,20,9,-6,-16,-31,-50,-96,-192,-286,-835,-703,-802,-379,-93,141,557,859,875,562,230,49,80,158,234,304,385,469,539,596,634,648,659,666,667,659,657,640,624,600,583,568,556,551,539,530,502,487,469,460,452,438,424,397,385,370,362,356,348,334,317,307,291,282,276,269,243,214,181,136,96,51,2,-36,-60,-96,-124,-135,-126,-92,-76,-60,-51,-69,-120,-207,-410,-510,-573,-495,-385,-296,-197,-120,-66,-35,-6,-1,-16,-20,-26,-31,-28,-49,-67,-103,-122,-140,-150,-138,-118,-124,-153,-172,-158,-114,-62,-62,-52,-32,0,20,43,54,22,-18,-91,-145,-217,-440,-709,-1147,-1128,-1082,-791,-624,-451,-209,-7,154,238,276,294,331,387,457,506,553,577,592,594,605,615,621,625,621,604,576,554,527,500,474,433
X4.V1.414,90,30,-16,-8,11,17,-11,-59,-92,-97,-67,-19,34,72,91,89,51,1,-75,-141,-177,-195,-181,-151,-115,-83,-62,-49,-41,-35,-34,-35,-53,-76,-66,-50,-8,1,-88,-179,-275,-280,-245,-167,-90,-43,-47,-70,-88,-74,-21,47,102,132,128,124,118,112,100,90,86,79,68,47,23,3,-22,-44,-66,-79,-100,-106,-117,-116,-128,-130,-134,-128,-120,-109,-107,-109,-116,-120,-120,-113,-100,-94,-86,-77,-73,-70,-68,-69,-61,-53,-38,-27,-16,-14,3,20,31,52,52,60,59,54,49,40,35,38,31,25,14,1,-10,-24,-40,-48,-32,9,46,69,73,44,-1,-31,-57,-55,-55,-51,-59,-73,-81,-90,-93,-98,-101,-106,-111,-115,-113,-106,-98,-85,-80,-76,-80,-84,-87,-97,-103,-104,-90,-64,-45,-37,-30,-27,-25,-24,-26,-21,-17,-17,-8,-5,4,11,15,18,15,9,-2,-19,-29,-39
X18.V1.203,-167,-144,-123,-88,-85,-102,-136,-172,-165,-149,-117,-112,-106,-105,-102,-83,-64,-53,-52,-40,-20,-11,-8,-15,-16,-43,-49,-58,-38,-6,32,68,89,110,114,102,87,77,73,70,72,72,64,59,69,67,68,71,64,47,25,10,-14,-37,-51,-66,-75,-80,-81,-78,-67,-48,-34,-39,-54,-83,-133,-197,-220,-249,-220,-165,-105,-48,-10,3,10,15,31,49,76,109,142,174,181,184,184,170,171,166,170,159,144,128,104,90,80,76,66,63,48,28,16,9,8,7,6,-12,-34,-60,-75,-88,-96,-89,-85,-87,-93,-93,-94,-94,-91,-93,-98,-96,-92,-89,-80,-71,-51,-56,-58,-86,-102,-95,-66,-36,-39,-60,-88,-106,-119,-117,-121,-124,-111,-122,-132,-142,-131,-119,-131,-137,-155,-160,-170,-170,-164,-147,-114,-103,-94,-97,-87,-78,-71,-77,-105,-129,-138,-130,-129,-151,-154,-155,-119,-78,-21,29
X7.V1.343,27,46,57,65,64,63,61,53,39,25,9,-12,-26,-39,-51,-60,-63,-66,-57,-50,-36,-28,-19,-9,-2,8,15,25,31,36,35,30,15,0,-13,-25,-37,-45,-58,-70,-80,-80,-87,-87,-87,-87,-86,-81,-69,-60,-45,-29,-14,1,11,25,30,37,36,36,22,15,4,-6,-13,-20,-29,-38,-40,-46,-51,-53,-47,-39,-31,-23,-18,-16,-13,-1,4,6,9,7,1,-8,-11,-22,-28,-34,-36,-37,-43,-37,-39,-34,-25,-12,5,28,50,63,76,85,91,92,89,88,77,66,51,36,15,-3,-13,-22,-22,-20,-16,-21,-22,-24,-30,-31,-24,-15,-8,8,24,36,44,44,42,32,22,13,-2,-10,-18,-27,-35,-37,-39,-39,-37,-32,-29,-27,-21,-14,-4,8,18,24,28,28,28,22,15,16,13,11,6,5,4,-1,1,-3,-5,-4,-2,-2,3,7,1,2,1,0
X3.V1.763,-112,-114,-110,-117,-119,-135,-155,-167,-163,-138,-132,-140,-155,-155,-166,-171,-165,-171,-150,-135,-110,-104,-88,-62,-41,-8,9,15,11,2,-5,1,5,-3,-9,-26,-12,3,10,-3,-19,-17,-29,-34,-39,-32,-19,-9,-16,-28,-28,-14,-28,-19,-6,-1,-6,-24,-37,-49,-60,-70,-77,-83,-70,-66,-47,-21,-3,35,29,30,13,2,4,12,3,-2,-17,-33,-50,-61,-52,-46,-45,-42,-54,-59,-62,-50,-52,-53,-57,-70,-89,-86,-83,-74,-70,-63,-63,-79,-83,-74,-54,-44,-28,-21,-28,-22,-33,-37,-43,-30,-32,-32,-46,-59,-71,-74,-89,-95,-104,-96,-83,-60,-17,17,16,11,5,9,10,8,17,17,3,-4,-18,-18,-17,-6,-6,-11,-37,-50,-64,-51,-36,-33,-30,-25,-22,-21,-23,-16,-9,-10,-26,-30,-52,-65,-70,-65,-60,-42,-25,-39,-44,-38,-13,21,34,34,32,44,58,62
X10.V1.415,5,-4,4,6,17,15,13,9,12,19,22,25,17,8,-1,-5,0,14,20,22,24,20,15,9,-1,-5,-9,-4,-2,6,12,24,31,35,35,34,38,41,51,50,51,45,28,13,-3,-15,-25,-24,-22,-16,-25,-34,-44,-57,-62,-62,-56,-48,-35,-21,-7,8,23,35,42,47,44,37,29,34,38,37,33,28,14,7,-1,-5,-14,-11,-8,-2,3,13,23,23,24,20,18,21,29,36,43,53,51,47,34,34,35,40,48,47,37,28,22,9,-1,-6,-13,-14,-13,-6,-7,-5,-7,-11,-23,-33,-33,-31,-18,-8,-3,-4,-7,-7,-5,-6,-6,-4,-9,-7,-5,-8,-12,-11,-15,-16,-17,-23,-28,-31,-38,-37,-43,-39,-35,-27,-20,-5,4,7,14,12,14,15,22,29,29,27,17,8,4,-2,-6,-16,-21,-23,-19,-23,-22,-28,-31,-33,-31,-32,-30,-27
X8.V1.714,-81,-71,-66,-63,-63,-72,-82,-90,-103,-114,-122,-136,-146,-158,-164,-177,-188,-196,-201,-207,-206,-202,-204,-199,-191,-182,-176,-169,-162,-162,-158,-153,-149,-145,-145,-138,-137,-136,-130,-123,-120,-114,-111,-107,-100,-90,-85,-86,-82,-78,-77,-74,-67,-63,-59,-53,-55,-60,-63,-60,-57,-60,-63,-67,-66,-61,-52,-45,-37,-25,-13,-10,-12,-14,-20,-22,-18,-20,-23,-22,-24,-35,-42,-49,-55,-60,-64,-61,-56,-49,-43,-39,-45,-51,-57,-60,-62,-62,-68,-69,-68,-70,-69,-69,-68,-70,-75,-80,-86,-91,-92,-85,-75,-71,-65,-71,-77,-79,-78,-72,-64,-54,-48,-40,-32,-26,-17,-17,-13,-8,-9,-10,-11,-15,-23,-35,-48,-63,-67,-61,-58,-48,-41,-34,-28,-19,2,22,38,48,55,61,64,67,62,55,46,35,21,4,-8,-21,-26,-31,-27,-26,-15,-6,-1,0,6,13,125,283,470,617,700,722
X19.V1.414,-111,-85,-71,-31,13,34,51,71,90,102,105,101,92,91,88,83,77,71,66,54,36,28,24,22,22,22,27,30,23,8,-8,-23,-37,-53,-67,-76,-83,-93,-103,-109,-114,-110,-94,-65,-22,16,47,61,75,81,93,91,91,84,71,57,46,47,43,42,32,23,21,17,8,-1,-12,-25,-35,-31,-24,-16,-25,-33,-57,-82,-104,-113,-116,-105,-85,-59,-38,-29,-31,-39,-37,-37,-31,-18,-6,-2,-24,-53,-77,-86,-79,-70,-52,-78,-101,-130,-132,-116,-99,-78,-58,-46,-53,-65,-65,-51,-45,-47,-67,-77,-87,-50,-17,36,48,45,24,13,-4,-8,-17,-24,-25,-24,-28,-37,-42,-49,-47,-24,27,90,149,182,194,194,196,194,198,202,198,180,156,127,101,79,60,57,38,17,5,-1,-5,-11,-24,-38,-47,-47,-40,-25,-9,5,-10,-35,-68,-85,-88,-79,-63,-46,-33,-29
X2.V1.653,60,62,65,62,62,64,57,54,45,34,19,8,-5,-14,-11,-14,-25,-33,-45,-57,-63,-68,-65,-68,-67,-70,-74,-79,-83,-83,-95,-116,-139,-168,-189,-197,-192,-180,-161,-143,-119,-99,-78,-55,-34,-2,18,40,41,39,31,19,16,12,9,3,9,5,6,1,-2,-6,-13,-12,-11,-11,-11,1,0,4,7,12,13,21,24,33,36,41,45,48,48,50,45,37,37,35,34,31,30,26,19,12,5,-6,-13,-21,-29,-32,-41,-48,-56,-67,-71,-77,-79,-86,-91,-104,-114,-119,-130,-134,-137,-142,-142,-140,-130,-120,-110,-98,-84,-74,-58,-47,-37,-25,-18,-11,-4,5,12,17,22,29,19,18,13,15,20,25,36,46,55,63,66,66,65,66,62,54,47,35,30,29,34,34,35,35,37,33,37,40,39,38,29,21,14,9,5,1,2,2,-4,-12,-24,-27,-34,-36
X15.V1.853,-101,-133,-137,-122,-82,-51,-13,8,20,23,29,38,43,36,28,3,-11,-16,-9,-2,30,57,69,65,78,82,96,105,106,93,81,64,51,37,13,-4,-36,-51,-48,-43,-36,-22,-27,-28,-32,-32,-30,-29,-19,-8,2,3,22,28,41,62,77,80,77,65,40,33,35,61,82,95,93,87,84,85,83,74,74,67,53,45,46,57,64,67,67,59,52,53,56,52,47,30,9,-11,-19,-20,-8,22,46,53,40,37,60,91,118,101,67,23,-6,-27,-33,-20,1,33,34,65,37,19,-7,-27,-42,-68,-93,-108,-92,-56,-13,17,43,69,103,134,157,154,130,115,94,78,77,81,96,92,88,80,66,55,54,57,61,77,85,80,64,67,90,132,180,215,228,217,209,203,201,205,187,157,125,113,99,93,93,83,68,40,6,-28,-56,-64,-57,-47,-28,-14
X11.V1.343,-33,-20,-9,2,4,7,6,2,3,1,-2,-9,-14,-14,-17,-10,-10,-1,3,13,20,27,35,39,42,36,39,36,39,35,34,30,18,14,9,4,-3,-12,-16,-23,-22,-17,-12,-9,-4,-1,2,3,-5,-14,-24,-23,-24,-22,-19,-19,-18,-19,-14,-16,-10,-1,11,24,31,44,40,41,37,21,4,-12,-26,-39,-52,-66,-76,-89,-94,-84,-77,-63,-50,-41,-27,-14,-1,2,-1,0,-3,-10,-13,-23,-35,-48,-54,-60,-69,-73,-81,-86,-86,-82,-80,-82,-80,-82,-86,-88,-85,-81,-75,-67,-62,-57,-53,-44,-36,-27,-14,-10,-8,-7,-2,1,2,6,8,11,9,10,6,-2,-8,-12,-19,-26,-28,-32,-28,-15,-12,-9,-6,-4,0,6,19,33,45,60,75,85,91,96,90,80,67,49,30,17,6,0,-12,-13,-21,-20,-14,-1,11,29,47,62,65,63,62,58
X14.V1.203,-18,-18,-10,-6,-4,-6,-3,-5,-17,-26,-36,-49,-55,-50,-45,-37,-25,-16,-15,-19,-23,-21,-28,-26,-37,-48,-59,-51,-45,-39,-29,-18,-11,-2,18,20,21,6,-126,-150,-226,-152,-44,57,168,314,430,473,272,53,-164,-173,-133,-82,-27,13,41,72,92,96,92,96,103,106,109,122,133,131,121,100,79,61,57,58,54,59,59,49,43,39,38,35,43,37,35,19,17,22,39,63,72,79,75,76,57,53,45,38,28,7,-3,-8,-12,-1,-4,-10,-22,-37,-49,-54,-51,-42,-40,-34,-18,-7,20,40,45,29,7,-22,-45,-68,-82,-92,-113,-130,-140,-161,-182,-191,-167,-138,-110,-100,-101,-91,-66,-50,-32,-16,-12,-12,-11,-5,13,13,17,2,-12,-23,-5,9,36,55,64,61,39,11,-37,-86,-87,-79,-47,-27,-8,-10,-15,-34,-44,-62,-66,-70,-90,-100,-101,-95
X22.V1.163,-83,-83,-85,-80,-79,-70,-68,-67,-72,-73,-72,-72,-67,-55,-46,-33,-23,-6,0,10,14,14,13,11,10,4,4,6,6,5,1,0,0,0,14,23,24,32,38,44,52,57,62,62,54,45,31,18,9,1,-1,-1,-2,0,3,11,20,25,33,28,24,18,21,23,32,39,47,50,51,51,49,49,55,52,46,35,31,23,19,19,17,12,10,11,12,16,23,35,36,39,31,21,3,-12,-26,-41,-51,-62,-69,-76,-77,-79,-85,-83,-78,-68,-53,-34,-14,0,12,18,23,23,19,14,8,-1,-14,-31,-46,-53,-60,-66,-70,-71,-69,-68,-61,-58,-45,-30,-12,1,14,21,18,18,17,13,2,-11,-20,-35,-44,-50,-56,-59,-63,-59,-52,-39,-20,-1,10,23,29,34,37,38,36,31,29,23,15,3,-6,-14,-25,-31,-37,-41,-38,-27,-17,-4,14,28
X1.V1.483,-29,-40,-44,-51,-53,-51,-49,-51,-53,-54,-61,-67,-66,-66,-60,-52,-41,-32,-27,-25,-27,-32,-33,-37,-47,-53,-55,-58,-61,-63,-63,-60,-59,-54,-54,-60,-61,-63,-62,-58,-47,-34,-26,-13,-5,1,4,5,1,-5,-12,-19,-29,-39,-41,-41,-43,-42,-35,-34,-25,-12,7,27,40,48,47,40,25,20,7,-1,-3,0,2,12,23,24,25,22,13,2,-10,-28,-56,-81,-75,-46,4,36,42,35,29,22,5,-22,-51,-70,-82,-84,-84,-83,-84,-76,-73,-64,-56,-37,-27,-22,-10,-4,2,5,8,12,22,34,49,58,70,83,88,99,110,121,126,127,131,130,133,133,130,124,119,113,108,102,100,97,86,77,71,72,77,83,83,75,68,54,37,26,13,5,-1,-3,-10,-13,-19,-16,-18,-24,-32,-42,-51,-54,-50,-44,-37,-28,-26,-27,-26,-24,-25,-26,-29,-28
X7.V1.714,-2,-4,-6,-8,-5,-4,-6,-12,-22,-26,-26,-19,-21,-29,-36,-33,-34,-21,-9,2,16,27,35,44,44,41,34,42,80,155,250,361,465,527,538,510,465,428,377,336,286,243,206,179,164,167,173,178,175,169,163,152,145,137,126,109,91,67,44,15,-2,-18,-31,-37,-46,-54,-69,-76,-89,-86,-80,-74,-74,-73,-69,-69,-69,-75,-83,-90,-97,-97,-101,-106,-104,-101,-100,-97,-98,-102,-105,-107,-115,-131,-139,-149,-156,-165,-169,-169,-174,-164,-158,-146,-103,-29,67,148,209,244,269,264,240,200,157,127,102,74,52,29,13,6,0,-18,-38,-65,-89,-115,-145,-172,-192,-190,-173,-141,-113,-90,-76,-69,-67,-68,-63,-65,-64,-59,-57,-59,-63,-63,-66,-69,-62,-42,-7,42,93,124,142,147,145,121,90,37,-8,-44,-62,-71,-80,-78,-74,-72,-73,-80,-92,-105,-110,-109,-103,-91
X10.V1.223,-15,-46,-85,-113,-144,-181,-205,-212,-196,-172,-132,-90,-41,-6,14,33,41,48,39,27,-6,-15,-21,-21,-28,-48,-67,-84,-88,-83,-86,-78,-58,-29,-19,9,25,31,49,51,49,36,19,1,-7,-11,-13,-5,-21,-19,-31,-39,-45,-38,-45,-45,-28,-13,-10,-1,11,19,18,19,15,18,19,27,17,39,42,46,26,18,11,5,5,8,17,31,37,53,58,79,86,91,74,68,48,45,26,18,0,-36,-44,-54,-49,-41,-19,-7,15,29,54,66,78,91,90,58,52,21,-1,-20,-26,-42,-64,-68,-73,-60,-41,-16,6,32,30,22,12,7,15,24,20,9,-11,-30,-49,-60,-80,-96,-92,-86,-84,-68,-45,-35,-4,-7,13,-6,-8,-7,-3,-11,-8,-23,-56,-66,-81,-90,-98,-115,-130,-155,-148,-138,-110,-73,-32,-3,0,-5,-5,-12,-7,-7,-8,-29,-41,-52,-64,-63
X6.V1.253,-18,-9,0,13,17,22,26,30,29,34,32,32,28,30,31,26,28,24,19,13,12,9,5,5,-2,-9,-18,-21,-19,-13,-4,-1,-4,-8,-10,-13,-13,-14,-21,-22,-22,-10,-11,-9,4,12,11,8,6,4,8,10,13,15,17,25,18,17,20,23,26,32,36,35,36,41,47,50,57,60,57,54,53,50,45,41,35,26,24,23,24,21,27,22,17,11,11,13,13,18,15,11,2,-5,-12,-19,-14,-16,-13,-18,-19,-18,-13,2,5,5,-1,-1,-10,-6,1,8,14,20,30,28,31,32,39,38,36,37,31,29,24,21,17,16,12,8,5,9,13,6,8,4,-1,-4,-8,-11,-19,-15,-16,-20,-22,-24,-21,-21,-15,-14,-13,-12,-9,-6,-5,1,1,-6,-13,-15,-22,-24,-24,-21,-18,-18,-9,-7,4,15,9,0,-13,-12,-12,-18,-34,-54
X17.V1.714,17,18,25,29,35,43,45,49,48,52,51,49,55,58,60,63,63,61,61,61,59,57,58,52,42,32,22,16,8,7,2,4,11,18,27,34,43,51,51,52,51,45,36,31,21,13,5,-3,-17,-34,-46,-55,-64,-66,-65,-66,-61,-60,-56,-56,-56,-57,-56,-50,-44,-45,-51,-52,-53,-45,-41,-35,-33,-36,-29,-28,-29,-28,-27,-27,-28,-24,-27,-26,-34,-34,-30,-25,-14,-11,-9,-9,-2,5,11,20,22,19,8,1,-7,-10,-11,-7,-17,-17,-21,-21,-25,-25,-24,-21,-16,-11,-7,-2,7,14,21,28,28,32,32,34,26,26,26,23,27,32,43,47,46,50,52,53,52,53,61,64,68,68,61,57,54,57,58,59,61,61,60,58,54,48,50,44,42,39,43,44,50,56,65,60,59,58,55,52,49,37,29,16,11,4,-3,2,-1,-3
X8.V1.183,-13,-10,-15,-19,-26,-24,-35,-39,-42,-54,-54,-59,-57,-59,-57,-48,-43,-37,-33,-31,-25,-26,-18,-8,-2,-2,2,-2,-1,1,-2,-2,-7,-3,-7,-13,-15,-22,-26,-33,-30,-34,-33,-37,-42,-48,-46,-47,-51,-48,-44,-39,-38,-31,-27,-20,-20,-19,-14,-12,-10,-13,-10,-15,-16,-22,-25,-28,-28,-32,-31,-29,-31,-38,-37,-43,-46,-49,-42,-37,-36,-36,-40,-43,-42,-32,-27,-23,-18,-19,-20,-19,-20,-24,-29,-24,-26,-23,-22,-15,-12,-8,-9,-10,-21,-20,-24,-27,-26,-23,-22,-21,-24,-22,-24,-24,-23,-16,-16,-6,-2,-3,-4,-4,-7,-9,-8,-11,-14,-15,-13,-12,-22,-23,-28,-29,-33,-30,-24,-32,-36,-42,-49,-54,-57,-60,-71,-78,-93,-102,-111,-105,-101,-93,-86,-75,-60,-42,-25,-13,-7,-2,-1,3,2,3,-7,-22,-37,-52,-65,-74,-73,-72,-60,-44,-38,-37
X22.V1.633,164,156,150,150,154,156,155,148,137,127,125,132,136,147,154,155,149,139,134,135,130,131,134,138,146,152,157,152,144,132,120,111,104,102,97,96,85,74,63,52,46,32,22,15,-1,-4,-10,-21,-29,-36,-42,-53,-60,-68,-69,-66,-56,-54,-49,-55,-57,-58,-52,-42,-29,-29,-31,-40,-48,-57,-57,-52,-48,-47,-43,-41,-34,-30,-25,-24,-25,-30,-33,-35,-28,-29,-37,-39,-44,-47,-51,-55,-58,-58,-54,-51,-54,-53,-50,-41,-34,-24,-19,-16,-5,-5,-13,-23,-23,-26,-25,-20,-20,-18,-19,-18,-15,-15,-18,-20,-27,-25,-28,-33,-39,-43,-39,-27,-12,1,6,8,2,-10,-21,-28,-28,-22,-13,-9,-6,-10,-8,-23,-25,-29,-25,-27,-35,-54,-72,-91,-103,-113,-117,-117,-108,-92,-75,-64,-54,-56,-59,-63,-64,-55,-50,-44,-43,-46,-45,-43,-43,-45,-48,-55,-61,-69
X7.V1.763,-27,-35,-26,-23,-7,6,18,21,27,30,19,15,12,12,-8,-8,-5,5,11,20,35,19,6,0,-20,-8,-10,-6,-22,-15,-14,10,28,46,43,9,-6,-30,-35,-44,-55,-44,-50,-38,-43,-41,-37,-16,-11,8,15,29,19,2,17,17,23,14,-15,-62,-79,-87,-82,-74,-68,-45,-20,16,42,58,34,14,-2,-5,5,12,13,2,-3,-10,-24,-56,-62,-71,-50,-17,7,24,36,60,64,65,53,38,20,17,5,-2,1,-2,-4,-38,-61,-81,-86,-53,-3,41,77,81,62,27,-5,-20,-46,-48,-47,-27,-22,-17,-15,-8,-36,-59,-74,-90,-79,-44,-11,37,42,36,28,25,32,38,11,5,-21,-32,-32,-40,-19,-5,18,22,4,-7,-29,-39,-54,-53,-51,-65,-76,-97,-117,-128,-121,-109,-113,-110,-112,-92,-75,-37,-27,-18,-36,-58,-73,-96,-84,-86,-85,-86,-88,-99
X17.V1.303,7,19,30,6,-68,-133,-216,-207,-204,-179,-155,-139,-111,-88,-69,-51,-30,-8,2,-13,-44,-85,-105,-118,-91,-170,-242,-274,-247,-140,-94,-89,-65,-25,-2,12,14,32,53,78,89,94,84,71,62,52,39,22,-5,-17,-13,1,2,-2,-4,-6,-8,-19,-16,-8,7,16,16,2,-16,-37,-65,-81,-88,-79,-59,-47,-8,26,86,139,164,208,226,248,241,223,202,173,140,93,29,-71,-129,-146,-121,-85,-57,-56,-47,-36,-18,12,33,45,48,41,22,33,11,-10,-31,-63,-50,-59,-54,-44,-30,-13,-12,-31,-50,-65,-61,-59,-74,-113,-197,-235,-246,-196,-146,-109,-70,-43,-22,-4,-7,-21,-41,-69,-97,-119,-122,-120,-100,-74,-56,-34,-13,4,17,19,8,1,-14,-17,-25,-33,-39,-41,-34,-21,-7,10,15,22,36,44,45,34,18,10,-9,-9,-18,-12,0,10,13,14,16,19
X17.V1.783,-30,-26,-18,-15,-20,-30,-37,-46,-44,-53,-49,-57,-57,-63,-64,-56,-58,-59,-53,-60,-55,-58,-56,-44,-40,-46,-43,-44,-45,-51,-56,-66,-58,-65,-51,-50,-49,-59,-61,-70,-64,-70,-61,-70,-81,-98,-104,-101,-87,-81,-77,-85,-99,-109,-122,-125,-127,-132,-126,-130,-120,-121,-121,-118,-124,-129,-125,-123,-115,-111,-104,-96,-103,-107,-115,-126,-131,-134,-138,-137,-135,-122,-118,-110,-109,-106,-108,-109,-114,-123,-119,-122,-125,-141,-134,-141,-128,-120,-108,-96,-92,-85,-91,-91,-94,-78,-68,-55,-58,-62,-71,-81,-85,-81,-78,-69,-67,-65,-51,-34,-35,-35,-43,-43,-42,-29,-8,-4,-4,-13,-19,-22,-31,-36,-45,-45,-49,-53,-51,-48,-22,-19,-17,-29,-40,-40,-35,-29,-20,-27,-33,-37,-30,-21,-21,-21,-20,-12,-7,-5,-1,15,32,41,44,39,29,27,29,26,24,14,0,-6,-10,-16,-16,-15
X17.V1.523,-22,-21,-24,-31,-37,-38,-34,-34,-36,-42,-41,-44,-44,-39,-32,-34,-42,-43,-49,-49,-46,-40,-35,-20,-11,-4,8,19,28,31,39,37,29,32,33,27,22,16,11,9,8,9,6,-1,-1,-3,-9,-8,-4,7,9,16,16,17,9,9,6,14,21,25,24,16,21,10,8,1,10,18,25,35,43,51,57,60,62,64,67,67,63,64,63,62,52,49,47,44,40,46,39,45,43,41,36,28,29,13,8,-5,-8,-9,-2,-1,-5,-9,-3,-4,-3,2,9,6,9,9,11,11,2,12,16,13,14,13,7,6,7,6,10,11,14,17,10,4,-7,-15,-36,-55,-67,-73,-80,-90,-98,-106,-113,-114,-120,-118,-116,-104,-93,-79,-65,-61,-56,-54,-44,-42,-41,-40,-41,-42,-39,-37,-36,-38,-37,-42,-47,-52,-47,-42,-35,-26,-26,-27,-32,-28,-31,-32,-32,-28
X21.V1.315,-98,-93,-78,-68,-56,-68,-89,-103,-118,-120,-107,-103,-100,-98,-93,-99,-96,-99,-76,-66,-20,6,25,22,18,31,38,52,62,57,51,47,48,49,56,49,30,8,2,9,15,27,18,12,0,8,13,13,13,2,-4,-14,-15,-23,-27,-19,-20,-19,-30,-25,-16,3,27,44,48,57,64,65,69,68,73,62,45,31,8,-4,-3,4,1,1,-5,-12,-18,-20,-16,-20,-7,-2,-2,0,3,2,-1,-10,-26,-45,-63,-65,-63,-57,-46,-38,-30,-32,-22,-25,-20,-16,-22,-27,-40,-45,-57,-64,-73,-94,-114,-135,-141,-145,-152,-148,-143,-120,-118,-114,-135,-139,-159,-161,-163,-138,-96,-76,-50,-41,-32,-41,-54,-76,-100,-111,-121,-121,-134,-142,-147,-149,-140,-128,-108,-108,-101,-93,-84,-78,-67,-64,-69,-80,-98,-121,-140,-164,-175,-170,-140,-105,-79,-58,-19,3,15,4,-16,-23,-32,-24
X7.V1.243,28,10,7,15,12,13,9,18,20,35,59,60,62,65,76,92,96,103,90,81,80,77,65,72,71,74,58,46,15,-10,-28,-49,-71,-96,-116,-125,-127,-121,-123,-108,-101,-65,-42,-27,-2,6,12,31,49,75,86,93,100,111,130,154,171,184,195,195,187,175,167,139,116,100,94,91,76,61,35,20,17,10,23,30,50,58,61,84,99,127,146,156,164,165,161,161,146,160,164,152,153,146,146,147,152,169,169,156,147,128,121,113,117,107,114,114,107,93,73,59,51,40,41,28,23,22,12,-2,-29,-50,-75,-79,-84,-86,-79,-82,-94,-124,-165,-190,-206,-212,-201,-186,-179,-183,-187,-208,-226,-230,-230,-220,-215,-208,-187,-176,-171,-164,-192,-203,-220,-238,-250,-257,-258,-274,-264,-265,-250,-237,-208,-173,-131,-91,-43,-8,9,26,34,36,12,-14,-37,-46,-48,-68
X20.V1.153,15,1,-5,-2,-12,-11,-2,3,13,30,52,70,46,24,11,-2,0,-14,-7,3,16,16,1,-14,-16,-19,-25,-18,-8,9,9,12,7,-10,-10,-18,-31,-42,-49,-40,-51,-39,-43,-39,-36,-34,-17,-12,17,16,0,-2,7,20,36,32,27,22,9,8,1,0,15,18,10,10,13,16,26,17,13,-5,-15,-2,19,16,27,30,41,41,34,20,24,28,18,-5,-12,-28,-50,-65,-67,-63,-55,-37,-33,-26,-31,-39,-23,-18,-7,0,-6,4,24,31,51,69,74,81,80,86,96,84,91,80,76,76,71,58,40,44,41,34,15,4,-3,0,9,2,-13,-33,-56,-67,-53,-51,-30,-29,-12,17,37,42,41,35,21,15,-4,-21,-26,-16,-19,-24,-21,-19,-13,-7,-15,-11,-18,-11,0,4,10,22,17,9,-5,-29,-49,-63,-57,-35,-17,-2,-6,-7,-13,-5
X2.V1.403,17,11,-1,-6,-5,-6,-3,-1,-1,-6,-5,-6,-11,-16,-19,-23,-33,-37,-43,-52,-51,-46,-41,-37,-29,-25,-23,-22,-19,-12,-10,-2,-5,-9,-14,-20,-27,-33,-35,-34,-31,-27,-17,-11,-6,4,12,22,30,38,39,38,37,35,29,25,22,19,15,11,7,-1,-14,-17,-22,-13,-2,8,14,22,24,22,16,11,10,1,-6,-12,-20,-17,-16,-13,-15,-12,-12,-10,-17,-43,-83,-146,-237,-341,-466,-491,-491,-442,-401,-373,-351,-308,-283,-247,-229,-205,-173,-135,-95,-55,-19,7,27,43,54,63,68,77,86,99,115,123,129,133,141,142,145,142,136,130,124,124,119,119,119,118,113,110,110,108,109,110,116,116,115,112,108,108,112,114,112,111,106,100,95,93,88,80,74,62,49,39,34,32,31,30,27,19,13,12,12,12,19,26,33,37,45,49,53,57
X16.V1.473,15,26,48,65,83,97,91,77,88,78,78,82,97,120,142,134,119,94,87,74,72,79,100,131,155,161,144,106,89,70,55,33,18,9,5,12,-1,-14,-25,-19,-2,21,40,44,34,21,24,8,-10,-33,-71,-94,-125,-118,-119,-99,-86,-63,-40,7,39,66,61,36,20,2,-8,-22,-53,-54,-44,-12,14,15,16,9,10,42,56,65,80,77,59,48,23,15,2,-6,-4,-8,-10,-17,-19,-2,20,37,35,36,33,50,34,38,37,39,49,42,35,28,11,5,-23,-18,-17,-7,8,36,63,71,72,65,55,50,19,-13,-39,-61,-61,-76,-85,-86,-81,-84,-70,-51,-26,-8,13,24,43,55,57,43,41,46,61,46,42,42,48,53,54,40,29,33,30,22,0,-18,-18,-21,4,8,26,28,36,33,37,51,43,45,38,27,15,7,5,11,-3,-8
X8.V1.903,-68,-77,-80,-78,-72,-56,-51,-41,-31,-28,-16,-14,-42,-83,-119,-124,-103,-86,-68,-63,-45,-37,-29,-46,-61,-54,-38,-37,-36,-58,-72,-83,-100,-90,-98,-69,-39,-14,17,32,53,64,66,72,75,81,95,91,97,112,143,161,163,166,163,160,147,113,87,65,49,32,11,11,13,-1,-7,-15,-9,-11,-7,6,4,9,0,-12,-42,-69,-85,-81,-74,-68,-79,-92,-98,-110,-114,-108,-75,-51,-50,-57,-71,-68,-53,-41,-40,-32,1,9,0,-15,-21,-11,7,14,17,16,28,50,77,93,113,109,90,74,67,68,71,57,30,-7,-27,-27,-33,-35,-30,-28,-31,-37,-28,-6,29,56,57,52,49,62,67,76,82,88,85,98,109,131,154,166,167,162,149,129,99,80,79,75,71,77,72,77,72,68,66,82,110,131,125,118,105,75,49,56,57,64,55,52,49,45
X9.V1.115,-22,-16,-14,-11,-12,-11,-10,-10,-12,-11,-12,-9,-5,-5,-4,-4,-3,-6,-13,-16,-19,-23,-19,-22,-23,-11,-1,9,11,15,18,12,3,-2,-2,-1,7,14,8,-2,-14,-28,-44,-43,-44,-34,-17,-1,10,17,31,41,40,33,25,22,16,13,13,8,2,5,4,2,1,-5,-20,-39,-52,-66,-77,-80,-81,-81,-74,-62,-53,-44,-39,-35,-34,-28,-20,-11,-2,11,23,24,30,29,25,25,32,32,28,24,15,11,-1,-9,-10,-11,-7,-12,-22,-34,-34,-44,-54,-64,-71,-77,-77,-68,-58,-47,-31,-25,-16,-11,-12,-7,0,6,7,10,13,10,3,-9,-18,-18,-23,-23,-21,-16,-9,-5,-9,-30,-49,-58,-62,-61,-55,-49,-49,-51,-53,-59,-63,-63,-62,-56,-42,-28,-13,-1,11,21,28,30,27,19,5,2,-3,-1,2,2,-1,-6,-5,-9,-11,-7,-7,-6
X15.V1.253,-9,-6,-10,-10,-13,-12,-12,-15,-15,-23,-20,-16,-2,0,5,8,6,3,-3,2,-2,1,7,4,-1,-3,1,2,5,18,24,28,29,37,39,45,46,41,30,15,11,4,3,4,5,3,2,3,2,-2,-4,-4,-9,-10,-8,-11,-7,-12,-14,-18,-15,-13,-15,-14,-12,-11,-14,-15,-18,-21,-21,-14,-5,1,15,18,19,17,19,20,21,25,20,16,13,15,14,21,29,35,33,31,34,26,28,29,36,37,35,37,31,30,30,28,21,20,15,12,11,9,10,4,3,-1,-8,-13,-8,-10,-6,-2,-5,-5,-3,-6,-7,-12,-11,-15,-15,-13,-5,1,-1,6,2,-1,-2,-3,0,7,12,14,14,9,10,3,-3,-3,-4,0,0,8,4,5,13,20,27,27,34,28,34,40,45,46,41,42,37,34,33,30,24,19,19,14,15,18,15,5
X15.V1.115,34,45,54,60,63,64,67,69,63,54,43,32,15,6,6,4,4,1,-1,-12,-21,-22,-22,-14,-15,-21,-27,-29,-32,-29,-26,-18,-14,-10,-4,9,20,22,34,34,32,32,32,30,33,36,41,37,35,33,30,31,35,36,44,47,54,49,38,27,22,29,41,50,52,51,55,50,44,40,29,26,26,21,15,16,25,35,34,32,27,25,10,3,-5,-16,-17,-21,-21,-16,-13,-16,-24,-31,-33,-40,-51,-59,-70,-83,-97,-114,-125,-129,-116,-90,-61,-35,-8,2,4,10,5,-2,-4,-5,-6,-2,6,11,18,24,22,10,0,-13,-20,-21,-24,-20,-12,-5,4,-1,-9,-20,-23,-38,-48,-60,-76,-84,-89,-89,-92,-91,-85,-78,-66,-53,-41,-24,-16,-9,-15,-20,-17,-15,-17,-11,-4,10,28,38,43,39,41,44,46,52,58,58,52,36,25,11,1,-2
X4.V1.583,-51,-45,-39,-30,-20,-23,-22,-26,-20,-21,-17,-21,-18,-27,-29,-34,-27,-25,-13,-7,0,0,-1,-4,-6,-2,-2,-8,-10,-11,-5,0,15,26,34,41,43,40,42,37,36,37,36,35,29,32,31,28,21,10,-1,-13,-15,-13,-12,-15,-22,-28,-34,-39,-43,-42,-40,-45,-44,-48,-48,-43,-41,-42,-43,-46,-50,-56,-59,-65,-70,-71,-72,-70,-64,-58,-53,-55,-50,-48,-41,-42,-44,-53,-61,-73,-79,-88,-86,-81,-84,-85,-86,-81,-71,-64,-56,-50,-46,-38,-40,-39,-35,-31,-27,-19,-12,-6,5,8,25,38,48,59,69,79,96,103,107,103,100,91,87,84,79,75,70,69,67,65,64,65,66,65,58,43,28,20,7,-4,-18,-24,-31,-32,-30,-25,-20,-13,-11,-2,-2,4,1,0,7,7,2,2,1,-3,-11,-18,-16,-23,-30,-28,-28,-26,-22,-21,-19,-20
X11.V1.543,-7,-5,13,45,79,98,94,91,80,73,75,79,82,79,75,66,58,55,53,49,37,38,33,29,27,29,32,30,35,34,34,33,37,35,33,36,35,34,30,30,25,18,16,6,-1,-12,-18,-25,-29,-30,-34,-37,-44,-45,-54,-53,-54,-55,-60,-59,-51,-52,-56,-58,-60,-56,-49,-44,-46,-45,-44,-40,-40,-37,-34,-34,-31,-32,-31,-37,-37,-44,-57,-61,-65,-68,-80,-85,-103,-119,-142,-164,-171,-164,-116,-63,-20,3,-6,3,-27,-40,-66,-76,-53,-15,14,49,76,91,99,100,105,105,104,103,97,91,84,82,75,73,74,69,62,57,55,49,47,46,42,36,27,23,17,17,21,22,18,16,8,-1,-3,-3,1,-3,0,-5,-10,-11,-12,-12,-19,-16,-17,-20,-22,-23,-28,-40,-47,-56,-68,-72,-69,-68,-63,-59,-58,-58,-58,-51,-56,-59,-66,-74,-82,-92
X15.V1.615,-38,-37,-32,-36,-36,-37,-41,-42,-35,-30,-29,-35,-41,-40,-43,-41,-43,-43,-36,-29,-25,-24,-19,-9,-10,-13,-22,-23,-19,-10,-12,-17,-20,-24,-28,-31,-25,-20,-16,-12,-13,-19,-28,-31,-40,-50,-63,-82,-99,-117,-124,-132,-132,-133,-133,-128,-126,-119,-115,-103,-89,-77,-69,-65,-61,-56,-47,-40,-18,-15,-12,-18,-19,-24,-23,-15,-16,-17,-20,-20,-24,-18,-24,-32,-43,-54,-56,-57,-46,-35,-31,-23,-15,-8,-4,2,1,-5,-9,-11,-16,-24,-29,-38,-46,-52,-59,-66,-77,-86,-94,-94,-90,-82,-72,-67,-55,-56,-41,-26,3,21,30,39,41,46,49,51,52,58,65,70,76,82,86,82,81,71,57,37,18,8,-1,-6,0,13,29,41,51,46,43,30,19,13,15,25,36,54,65,74,83,95,102,105,106,104,96,80,65,51,46,52,61,73,90,110,125,139
X10.V1.323,18,15,14,8,4,-11,-21,-30,-48,-60,-65,-74,-77,-82,-84,-86,-88,-86,-75,-59,-41,-26,-9,2,8,11,12,11,9,4,-1,-6,-11,-17,-20,-25,-26,-25,-24,-23,-18,-19,-11,-14,-18,-22,-29,-38,-42,-48,-45,-40,-34,-29,-20,-10,-6,2,3,3,-9,-23,-37,-41,-44,-47,-45,-44,-37,-25,-14,-11,-2,-7,-6,-19,-25,-24,-27,-31,-34,-39,-47,-51,-57,-63,-70,-78,-87,-91,-83,-68,-54,-62,-78,-101,-124,-146,-148,-171,-149,-120,-90,-63,-39,-14,-1,15,15,-1,-22,-38,-50,-54,-49,-38,-25,-13,-8,-11,-12,-17,-10,-6,2,-1,-4,-4,4,8,8,3,0,-4,-10,-18,-22,-32,-39,-38,-41,-48,-56,-69,-83,-96,-98,-101,-98,-95,-91,-85,-73,-60,-49,-34,-18,0,6,17,30,34,46,59,71,76,76,72,71,67,64,56,54,57,66,74,72,70
X15.V1.143,30,31,32,30,34,33,36,30,29,35,33,37,38,34,29,23,15,6,2,0,-1,-8,-4,3,7,10,14,20,30,42,54,58,62,65,66,66,70,70,69,71,77,79,75,73,70,67,67,66,64,58,57,50,45,36,35,27,27,25,22,19,21,28,33,35,37,36,33,33,36,41,44,48,44,37,32,30,23,21,21,19,9,-1,-15,-23,-25,-25,-28,-33,-36,-33,-28,-18,-10,-1,-1,8,15,25,30,37,43,47,52,53,50,46,50,49,51,49,45,36,29,32,30,35,39,41,45,46,45,40,34,34,31,29,30,38,41,46,53,55,55,49,46,43,45,49,47,40,37,33,26,22,18,18,16,17,18,22,22,23,23,17,19,15,11,7,2,-1,-9,-7,-3,2,9,13,22,26,29,28,24,19,22,26,28,28,22,16
X8.V1.583,26,34,37,39,38,40,36,27,24,18,7,9,2,0,-4,-16,-21,-24,-19,-15,-6,2,14,16,24,31,39,45,48,51,47,43,44,43,34,22,12,-2,-1,0,8,9,10,14,7,1,-10,-26,-44,-63,-84,-107,-126,-140,-151,-160,-167,-167,-163,-151,-137,-127,-121,-111,-101,-87,-69,-53,-34,-21,-1,19,35,45,55,71,89,100,98,87,71,53,28,0,-15,-32,-45,-44,-43,-38,-34,-31,-33,-36,-36,-38,-40,-45,-44,-47,-45,-46,-57,-69,-76,-74,-59,-45,-27,-12,-1,13,25,32,40,45,49,49,50,50,47,38,31,16,-4,-25,-40,-58,-70,-81,-90,-95,-99,-98,-98,-99,-95,-84,-69,-43,-16,5,28,42,55,61,65,66,65,67,70,76,72,70,66,64,69,72,72,70,65,63,60,64,76,79,70,47,24,6,0,6,19,23,30,32,32,28
X9.V1.714,698,628,541,455,375,299,252,215,190,181,168,160,158,165,179,197,215,228,234,237,240,234,226,214,194,171,149,136,116,99,80,67,52,40,24,12,0,-3,-9,-18,-31,-46,-58,-69,-75,-63,-31,20,69,89,84,74,49,27,-9,-71,-121,-169,-197,-212,-216,-204,-184,-169,-159,-148,-146,-142,-135,-131,-129,-127,-123,-122,-128,-135,-147,-162,-174,-182,-187,-187,-179,-165,-154,-150,-147,-151,-158,-162,-165,-170,-173,-177,-184,-193,-195,-197,-198,-198,-200,-200,-196,-183,-168,-153,-141,-133,-126,-120,-107,-98,-95,-93,-97,-103,-108,-110,-115,-123,-121,-122,-113,-103,-98,-97,-98,-99,-96,-99,-95,-86,-77,-59,-43,-28,-25,-28,-29,-35,-41,-47,-57,-69,-77,-79,-81,-78,-78,-79,-86,-93,-96,-100,-97,-94,-87,-89,-91,-101,-112,-115,-108,-94,-85,-75,-68,-58,-50,-43,-38,-30,-17,-9,-5,-8,-9,-13
X8.V1.493,20,20,23,25,23,17,12,3,2,-6,-9,-11,-15,-20,-25,-20,-15,-6,0,0,-7,-12,-19,-22,-29,-39,-43,-47,-47,-45,-47,-46,-45,-44,-47,-47,-45,-46,-45,-39,-32,-25,-14,-7,-1,2,1,1,-7,-4,-1,8,15,15,10,2,4,7,7,4,3,7,14,30,45,61,70,82,85,87,94,101,110,114,120,120,118,112,103,86,67,56,46,44,50,56,61,66,70,71,70,66,62,55,51,53,58,58,57,57,55,59,61,64,69,77,82,78,77,73,68,62,57,50,35,20,2,-4,-5,3,10,8,10,11,13,9,6,-3,-15,-28,-39,-49,-58,-67,-76,-83,-87,-89,-96,-103,-103,-106,-102,-95,-87,-79,-77,-70,-61,-50,-39,-33,-27,-24,-23,-28,-31,-24,-15,-11,-5,2,5,14,21,26,25,17,4,-9,-14,-7,0,9,19,20,17,11
X12.V1.103,-111,-113,-115,-110,-99,-82,-67,-82,-100,-116,-115,-101,-105,-101,-96,-63,-27,3,20,39,54,70,83,90,89,87,74,64,54,51,54,52,45,33,20,12,7,4,-3,-10,-21,-20,-17,-2,-2,-6,-10,-17,-11,-10,-14,-19,-24,-21,-14,-24,-28,-28,-34,-30,-37,-50,-61,-77,-84,-90,-94,-107,-123,-146,-163,-170,-169,-159,-141,-122,-103,-87,-80,-81,-84,-87,-91,-89,-89,-86,-88,-95,-101,-104,-92,-80,-74,-70,-65,-56,-36,-29,-22,-17,-12,-9,-16,-21,-39,-48,-53,-52,-50,-51,-53,-63,-66,-73,-72,-68,-63,-54,-36,-20,-2,11,15,22,30,38,46,50,50,50,45,42,42,48,53,53,46,38,21,5,-8,-16,-31,-43,-61,-75,-87,-96,-94,-87,-76,-67,-58,-53,-45,-40,-40,-44,-44,-45,-45,-39,-36,-31,-35,-39,-44,-50,-49,-53,-54,-55,-51,-49,-41,-34,-8,10
X10.V1.673,58,58,51,45,38,27,18,6,-4,-19,-26,-28,-29,-32,-22,-14,-16,-13,-16,-11,-1,16,21,18,13,4,-7,-15,-18,-19,-23,-28,-29,-33,-34,-31,-32,-24,-10,7,27,39,53,56,61,68,70,70,64,65,56,59,58,58,54,50,55,55,59,62,65,66,70,76,84,95,108,118,116,103,89,67,53,45,35,21,14,2,-6,-18,-28,-35,-37,-33,-30,-29,-23,-9,7,14,20,14,3,-1,3,7,5,4,2,4,0,3,3,12,19,17,16,5,4,1,6,12,14,11,13,12,16,19,21,23,23,31,38,45,51,67,77,80,85,83,83,80,74,64,50,52,52,52,50,51,56,51,46,40,35,45,57,67,76,85,90,99,109,112,107,95,84,70,58,44,37,26,24,25,26,23,15,13,4,0,0,2,4,2,-2,1,14,31
X17.V1.633,24,25,22,18,15,15,12,17,25,20,23,17,24,24,28,36,40,39,31,25,21,21,25,34,36,32,24,15,9,7,9,22,31,42,42,39,27,16,3,-3,-2,7,17,24,22,14,12,7,-1,-18,-29,-34,-38,-41,-43,-47,-47,-46,-45,-46,-47,-51,-59,-67,-72,-75,-82,-85,-90,-93,-102,-115,-135,-151,-163,-168,-173,-181,-183,-188,-186,-189,-184,-174,-154,-128,-100,-71,-44,-19,-1,15,29,34,42,55,53,59,51,48,37,32,26,24,21,22,20,15,9,2,-2,-10,-4,-2,7,6,8,0,-5,-19,-32,-46,-59,-69,-86,-94,-98,-97,-97,-103,-108,-118,-128,-120,-82,-44,-23,-15,-19,-19,-10,9,21,20,7,-9,-21,-20,-26,-28,-42,-53,-51,-59,-50,-45,-39,-45,-57,-57,-53,-37,-27,-15,-9,4,19,29,40,47,46,46,49,61,66,75,76,71
X1.V1.423,-8,-11,-16,-25,-18,-26,-15,1,41,68,89,99,108,98,105,102,100,82,70,52,54,65,79,89,98,97,100,88,97,100,104,106,109,105,84,66,63,63,61,50,43,35,50,62,53,34,20,2,-22,-50,-56,-55,-22,12,30,40,46,42,38,40,35,28,4,-11,-30,-54,-63,-64,-73,-86,-91,-102,-102,-106,-90,-86,-65,-61,-58,-51,-46,-23,-15,-1,1,-3,-18,-15,-3,-6,9,11,8,-4,-14,-11,7,43,64,72,74,89,107,107,109,109,95,92,64,64,51,55,51,43,36,7,13,4,17,13,30,44,54,65,70,79,97,122,138,134,135,133,126,115,100,79,51,33,14,0,-13,-14,-35,-37,-48,-24,-10,25,59,85,111,114,129,126,127,128,109,95,75,63,26,2,-30,-61,-85,-97,-102,-95,-74,-33,0,36,64,89,93,100,95,75
X2.V1.593,-111,-140,-166,-186,-176,-147,-129,-123,-136,-112,-80,-50,-23,-35,-32,-10,24,48,57,52,31,6,12,36,85,139,182,221,242,277,306,332,362,371,371,362,354,348,342,346,341,324,293,265,228,190,143,84,1,-117,-269,-355,-384,-290,-170,-67,34,119,189,248,311,375,433,478,518,543,564,581,596,593,593,582,574,561,559,556,548,538,519,501,479,472,464,454,444,422,396,368,351,341,329,318,297,275,244,223,186,131,62,-2,-64,-101,-128,-154,-167,-160,-151,-137,-139,-132,-127,-124,-131,-136,-171,-208,-193,-170,-125,-104,-93,-97,-70,-62,-42,-17,23,66,104,137,167,185,202,217,225,214,189,158,121,73,29,-83,-194,-322,-388,-341,-217,-73,53,125,216,297,359,388,420,434,446,456,457,453,436,430,423,425,431,434,429,414,409,392,381,377,384,363,299,234,184,165
X3.V1.423,14,42,44,63,86,96,104,101,90,65,51,32,18,11,13,5,-2,-11,-7,-2,20,65,101,123,139,131,117,110,102,84,59,37,21,10,4,8,12,17,10,18,23,36,51,75,104,115,139,138,128,119,94,64,39,20,-7,-1,12,2,15,-11,-1,-17,3,23,50,72,104,116,106,107,100,94,101,86,78,55,50,36,35,18,1,-24,-50,-62,-76,-90,-86,-51,-19,-8,-2,5,28,42,65,81,93,100,108,104,110,112,104,78,69,54,32,24,7,13,10,1,-4,-12,-7,4,14,27,40,42,33,23,30,25,34,27,25,7,5,8,4,2,7,-5,-39,-59,-78,-75,-57,-31,12,41,69,102,126,151,160,170,151,143,130,100,73,40,3,-37,-62,-87,-95,-88,-79,-61,-59,-42,-37,-6,16,62,84,93,106,102,98,78,32,0,-33,-50
X4.V1.243,131,122,113,104,80,58,34,-8,-49,-58,-60,-59,-69,-91,-108,-104,-94,-65,-40,2,43,82,124,159,169,158,139,107,82,62,52,36,22,5,-2,-34,-71,-96,-106,-93,-41,-1,27,41,33,39,55,80,112,140,172,180,163,128,102,73,39,27,21,39,55,71,83,89,117,145,146,144,134,118,108,87,46,4,-44,-60,-80,-103,-130,-144,-144,-130,-107,-112,-119,-110,-94,-76,-65,-67,-63,-70,-62,-51,-35,-19,-11,-19,-17,-10,-3,17,26,32,19,1,-20,-31,-59,-58,-66,-62,-64,-66,-75,-91,-90,-80,-57,-43,-16,7,19,32,14,5,-4,-3,-14,-29,-48,-62,-82,-78,-60,-45,-22,5,22,33,28,24,23,31,54,70,76,69,75,73,71,65,68,74,84,92,88,83,74,61,63,76,98,104,123,136,159,175,194,218,222,229,222,221,199,172,142,120
X5.V1.323,-37,-39,-37,-35,-32,-31,-26,-33,-32,-37,-44,-49,-57,-69,-87,-103,-116,-124,-120,-104,-84,-65,-47,-31,-25,-6,13,21,27,36,45,47,46,37,27,10,-6,-23,-45,-56,-68,-77,-76,-72,-58,-42,-24,-8,0,10,16,18,10,-3,-15,-22,-19,-16,-19,-25,-27,-29,-25,-19,-14,-12,-15,-14,-7,-8,-4,-1,-5,9,17,17,7,13,14,27,39,58,71,69,62,51,32,6,-22,-42,-61,-70,-81,-84,-88,-74,-63,-48,-30,-13,4,19,28,32,37,46,52,57,55,56,56,61,64,74,80,87,87,76,62,48,38,24,15,2,-14,-27,-38,-36,-39,-30,-18,-13,-7,-1,5,11,16,18,16,8,9,13,17,26,33,34,35,34,33,25,14,3,-13,-22,-31,-42,-51,-58,-62,-73,-83,-96,-112,-123,-122,-113,-102,-85,-60,-31,-19,-8,-3,-1,-2,7,10,8
X2.V1.152,-27,-10,-1,5,15,21,35,44,56,60,61,61,58,52,50,55,59,61,67,68,71,73,76,67,67,65,69,64,60,59,56,62,70,70,67,67,69,68,66,66,65,61,57,59,62,65,73,73,68,67,61,51,39,40,45,44,45,37,30,32,44,49,53,55,53,51,45,49,45,45,50,56,57,56,57,48,47,47,43,43,40,50,47,49,51,47,44,41,50,51,58,61,61,53,41,48,50,61,68,73,70,64,60,50,52,52,56,56,68,75,81,88,91,86,74,66,56,56,56,61,58,45,40,24,18,14,22,24,24,21,24,21,12,9,0,-7,-10,-16,-19,-19,-13,-13,-9,-2,0,-5,-5,1,11,20,29,35,43,58,77,92,86,60,8,-50,-97,-126,-142,-138,-128,-112,-105,-99,-96,-97,-96,-87,-81,-83,-72,-67,-60,-55
X15.V1.652,30,23,30,35,42,52,61,63,63,60,50,42,32,18,3,-17,-29,-46,-58,-67,-76,-86,-86,-86,-84,-85,-80,-81,-86,-90,-89,-83,-74,-68,-63,-70,-74,-81,-88,-89,-87,-80,-69,-50,-45,-41,-44,-45,-46,-44,-47,-58,-68,-74,-70,-66,-61,-57,-54,-59,-67,-70,-76,-80,-82,-89,-91,-91,-83,-79,-73,-65,-62,-63,-70,-77,-90,-101,-109,-116,-119,-119,-113,-105,-98,-86,-74,-67,-62,-56,-51,-49,-41,-32,-31,-33,-36,-40,-43,-42,-38,-40,-40,-47,-53,-59,-57,-50,-46,-36,-29,-19,-19,-21,-17,-15,-9,-2,-1,0,7,6,9,19,37,53,65,76,76,71,66,57,47,33,22,10,3,0,-5,-11,-20,-17,-18,-15,-11,-4,-1,6,8,4,4,6,17,22,31,34,36,41,45,50,44,48,49,44,41,40,43,40,44,40,48,48,53,56,62,71,76,77
X2.V1.132,-50,-48,-48,-54,-63,-69,-74,-82,-88,-91,-92,-94,-92,-87,-84,-80,-79,-82,-80,-77,-73,-72,-62,-53,-54,-55,-55,-54,-59,-61,-60,-69,-70,-81,-81,-77,-54,-32,-12,7,16,19,14,9,-1,-14,-26,-36,-40,-42,-39,-27,-20,-17,-17,-20,-31,-38,-47,-55,-59,-53,-56,-58,-67,-75,-77,-84,-75,-82,-78,-75,-63,-56,-46,-36,-24,-20,-11,-12,-14,-18,-15,-22,-27,-36,-45,-58,-64,-66,-70,-62,-54,-42,-39,-40,-59,-79,-100,-113,-113,-108,-99,-98,-101,-100,-97,-99,-103,-102,-100,-93,-83,-75,-69,-60,-56,-54,-51,-42,-40,-45,-50,-52,-58,-63,-63,-67,-63,-60,-67,-74,-90,-103,-106,-104,-91,-78,-71,-63,-64,-63,-68,-70,-64,-67,-75,-90,-103,-114,-115,-105,-89,-77,-65,-65,-75,-73,-72,-70,-75,-82,-82,-77,-66,-58,-63,-68,-81,-89,-90,-92,-89,-88,-88,-79,-71,-63
X6.V1.482,43,39,43,40,40,40,41,38,31,26,33,43,58,71,70,68,73,85,98,107,114,116,110,108,112,105,100,85,75,68,64,67,66,67,65,58,59,66,81,87,93,96,101,101,108,110,104,100,96,84,82,77,81,77,75,64,56,50,57,62,66,75,78,82,78,76,64,59,57,60,58,49,38,32,29,26,20,14,11,12,7,6,11,23,29,35,35,35,37,44,56,51,43,41,42,38,33,39,50,64,77,80,76,73,66,66,61,51,31,17,12,10,3,-4,1,9,17,25,23,28,32,43,43,54,60,61,60,66,77,79,68,54,46,44,46,38,36,25,28,22,19,16,18,19,31,50,62,73,77,84,79,75,74,81,97,115,127,127,126,133,141,138,130,126,118,109,93,70,44,30,19,10,1,-7,-6,5,22,22
X19.V1.262,-35,-33,-32,-28,-23,-15,-9,-6,-13,-20,-16,-18,-7,3,13,14,15,16,9,6,13,11,10,11,7,3,1,2,0,-4,-5,-6,-13,-16,-17,-18,-19,-19,-17,-18,-14,-7,-9,-5,2,2,-1,3,8,15,16,13,6,0,1,12,17,17,17,17,12,13,14,12,12,11,5,-3,-6,-1,1,9,8,8,0,2,7,6,9,16,22,25,30,32,31,30,31,25,13,4,-5,-16,-30,-37,-44,-44,-41,-43,-46,-48,-39,-34,-27,-23,-24,-22,-18,-12,-5,5,16,24,23,21,21,20,16,13,16,24,29,38,44,47,52,51,41,27,16,7,7,0,-8,-15,-20,-24,-26,-28,-29,-30,-39,-41,-42,-51,-47,-49,-43,-36,-19,-9,2,3,13,16,15,22,20,18,20,21,25,20,21,16,13,9,12,17,18,19,20,18,16,22,25,29,34,30
X20.V1.213,60,52,39,31,17,2,-13,-25,-33,-30,-32,-28,-26,-13,6,26,43,51,53,49,42,37,29,27,27,27,25,18,7,4,0,1,4,4,7,6,-2,-6,-10,-10,-1,14,28,34,34,33,38,48,61,73,78,77,71,61,57,53,45,40,35,35,37,43,44,41,32,25,21,14,6,-3,-15,-20,-15,-10,0,6,7,-4,-21,-32,-41,-52,-57,-57,-57,-45,-37,-38,-33,-26,-26,-23,-26,-26,-34,-35,-43,-49,-53,-62,-62,-63,-61,-65,-64,-64,-66,-62,-64,-70,-73,-74,-79,-85,-90,-94,-91,-82,-66,-56,-49,-48,-51,-48,-47,-44,-48,-46,-46,-47,-45,-42,-45,-47,-44,-42,-38,-38,-35,-36,-38,-43,-50,-49,-51,-50,-55,-68,-71,-74,-82,-80,-78,-67,-57,-55,-54,-61,-64,-66,-66,-69,-75,-71,-76,-82,-85,-93,-101,-104,-109,-109,-101,-86,-69,-45,-22,0
X12.V1.722,-26,-36,-39,-36,-41,-40,-46,-48,-51,-44,-32,-19,-16,-11,-2,-1,3,-3,-7,-21,-29,-34,-31,-22,-8,1,10,11,2,-13,-33,-43,-53,-50,-50,-49,-56,-61,-60,-57,-62,-57,-63,-67,-65,-61,-52,-45,-40,-36,-34,-34,-34,-42,-48,-44,-48,-54,-66,-72,-82,-83,-87,-89,-93,-97,-98,-99,-94,-87,-90,-90,-87,-70,-61,-62,-60,-58,-69,-77,-73,-63,-45,-38,-41,-52,-55,-51,-45,-33,-24,-16,-17,-23,-35,-42,-47,-43,-41,-47,-52,-61,-67,-60,-49,-40,-39,-37,-40,-39,-29,-20,-14,-14,-16,-23,-17,-11,5,14,20,33,43,46,47,54,56,53,57,50,45,41,44,48,40,37,27,25,17,15,12,19,25,24,18,15,13,19,29,45,65,77,84,81,77,78,82,83,85,88,92,85,79,86,91,100,105,103,99,94,93,90,87,84,76,68,61,54
X18.V1.432,-100,-112,-116,-120,-135,-136,-143,-138,-144,-148,-158,-162,-159,-170,-174,-179,-166,-149,-135,-121,-120,-120,-120,-114,-106,-101,-92,-89,-93,-92,-81,-72,-57,-36,-23,-10,-2,-2,-11,-9,-6,8,14,10,2,-4,-7,-3,0,0,9,16,12,18,17,28,39,53,60,59,54,50,46,37,30,31,30,28,22,26,26,37,37,43,45,51,51,47,49,40,25,14,20,37,62,84,91,91,87,86,69,42,13,-8,-26,-29,-17,-6,14,27,45,53,57,62,51,49,36,20,-1,-9,-12,-11,-1,3,3,-5,-15,-15,-18,-18,-23,-19,-18,-10,-11,-14,-11,0,1,-5,-1,-8,-20,-36,-48,-50,-42,-33,-22,-20,-22,-19,-14,-5,1,1,1,0,6,3,8,3,-6,-8,-22,-21,-36,-42,-48,-55,-45,-35,-30,-28,-24,-12,-7,-8,-10,-7,-9,-12,-1,4,12,14,12,5
X16.V1.392,-72,-72,-72,-66,-61,-61,-59,-63,-70,-87,-94,-95,-89,-78,-71,-63,-55,-61,-78,-97,-104,-100,-94,-82,-71,-57,-42,-23,-12,-2,1,2,8,4,8,0,2,6,10,19,21,30,38,55,52,41,22,22,37,39,41,31,24,29,33,46,47,38,30,22,18,13,12,18,37,46,49,32,15,-1,-16,-22,-32,-30,-43,-40,-45,-49,-44,-40,-47,-56,-65,-67,-56,-48,-35,-21,-26,-28,-30,-30,-21,-16,-22,-29,-32,-39,-44,-41,-46,-47,-50,-48,-52,-48,-43,-41,-38,-46,-49,-45,-43,-41,-46,-50,-53,-50,-55,-66,-75,-77,-73,-72,-65,-61,-49,-38,-22,-3,10,23,15,3,-4,-10,-13,-18,-19,-23,-28,-37,-42,-40,-37,-24,-26,-41,-46,-40,-25,-3,7,7,5,5,13,10,-14,-16,-25,-10,-17,-21,-30,-20,-8,6,14,10,10,9,23,29,30,28,32,40
X11.V1.113,-112,-122,-131,-138,-144,-142,-126,-118,-108,-101,-91,-76,-68,-55,-51,-39,-24,-9,4,9,20,19,19,24,31,32,34,40,40,41,44,43,36,25,13,3,-6,-8,-3,-4,8,7,10,24,32,34,22,28,34,42,43,47,48,46,55,60,60,67,61,58,42,24,9,0,-5,0,-1,-6,-2,-2,2,-2,8,13,18,18,17,18,16,27,19,18,14,15,16,20,35,35,46,59,68,85,94,108,106,93,73,59,41,43,45,39,44,43,50,47,44,28,15,2,-1,-4,-16,-21,-30,-28,-20,-13,-3,-1,8,9,10,9,17,23,26,28,25,14,9,11,13,11,9,8,5,-1,-9,-17,-14,-8,-4,-2,-4,3,-4,-3,-2,-1,-4,-3,5,7,17,21,18,5,-4,-5,-11,-6,-6,-5,-8,-12,-18,-23,-24,-28,-36,-43,-48,-53,-61,-61,-40,-16
X5.V1.382,149,146,120,93,71,47,25,13,8,14,27,60,89,93,85,62,35,19,15,23,24,53,80,88,86,64,51,33,35,26,32,32,48,58,67,76,68,50,45,39,32,16,-1,-10,-12,-10,8,13,20,32,33,34,26,31,28,22,29,50,72,88,86,74,64,51,39,36,42,64,59,61,43,24,4,-6,-16,-34,-45,-43,-35,-35,-36,-40,-59,-63,-68,-67,-66,-57,-56,-53,-52,-32,-19,-3,1,13,18,31,51,46,40,30,29,32,28,18,-6,-11,-9,0,6,8,19,22,24,33,41,31,19,-1,-20,-12,3,1,-9,-39,-39,-45,-38,-28,-29,-20,-10,-6,6,3,5,-4,-10,-1,-1,-4,-14,-19,-13,-28,-25,-44,-54,-70,-65,-55,-41,-22,-33,-40,-53,-36,-33,-39,-48,-55,-56,-68,-60,-55,-48,-41,-54,-53,-41,-31,-11,-7,16,29,19,17
X2.V1.302,62,67,65,55,46,43,37,31,23,18,8,4,-3,-7,-5,-6,-1,0,3,8,11,10,15,23,22,25,26,33,35,34,30,19,10,12,6,9,11,15,19,28,35,47,53,58,59,58,58,52,43,29,20,8,-5,-20,-32,-36,-43,-44,-50,-53,-46,-37,-25,-19,-12,-5,4,12,25,30,32,36,33,27,22,23,19,16,18,16,8,7,3,1,-4,-9,-17,-36,-51,-60,-70,-72,-70,-68,-67,-64,-60,-59,-57,-60,-60,-65,-64,-59,-55,-43,-33,-17,-4,17,35,44,48,47,44,29,20,7,-10,-25,-33,-39,-44,-44,-46,-39,-36,-22,-14,-3,17,32,46,54,65,63,63,59,53,52,42,39,30,31,28,27,25,24,38,38,44,52,54,49,40,32,23,18,12,6,-8,-15,-28,-42,-54,-61,-57,-53,-37,-20,1,24,48,63,76,89,98,96
X7.V1.782,91,92,94,82,58,45,35,19,15,28,32,40,30,40,28,55,80,98,91,74,73,70,85,105,114,124,113,92,56,35,24,14,6,-2,-1,-11,-26,-33,-42,-34,-19,-4,-5,9,18,34,27,29,25,19,8,-11,-22,-26,-29,-32,-52,-66,-79,-80,-64,-59,-44,-39,-17,9,38,35,44,64,75,95,96,85,79,78,62,42,26,4,-17,-42,-39,-39,-38,-44,-54,-70,-67,-52,-24,-28,-4,-10,-1,11,23,20,15,8,-12,-28,-37,-22,-20,-34,-65,-79,-96,-80,-62,-47,-36,-20,2,19,35,58,72,85,105,115,112,99,78,72,57,67,79,75,78,67,63,71,87,95,76,76,70,70,83,104,120,134,151,153,139,113,78,50,20,-9,-22,-29,-35,-37,-55,-70,-72,-60,-55,-42,-32,-19,-15,-14,-1,-20,-28,-44,-64,-85,-107,-115,-136,-133,-127,-103
X13.V1.522,-20,-21,-36,-45,-52,-53,-46,-39,-28,-18,-12,2,6,9,-1,-14,-33,-45,-61,-87,-105,-121,-132,-141,-154,-156,-157,-164,-165,-164,-153,-142,-130,-120,-114,-104,-94,-85,-77,-58,-40,-26,-16,-15,-11,-12,0,4,13,10,5,-11,-15,-23,-24,-31,-29,-30,-23,-19,-21,-18,-22,-20,-25,-28,-30,-24,-24,-21,-24,-28,-32,-30,-21,-16,-14,-10,-6,7,13,14,4,2,7,7,3,4,2,7,3,4,-4,-5,-7,-4,-7,-14,-18,-19,-19,-17,-19,-24,-18,-16,-6,-9,-4,-7,-10,-14,-13,-7,-5,0,-13,-35,-54,-78,-93,-96,-103,-103,-98,-90,-79,-71,-57,-46,-32,-29,-22,-11,-2,-1,3,2,-3,-8,-9,-10,-15,-16,-22,-31,-35,-41,-48,-54,-54,-53,-50,-42,-42,-44,-54,-61,-58,-60,-55,-47,-46,-52,-44,-51,-47,-35,-35,-28,-31,-28,-26,-36,-35,-28,-31,-28
X23.V1.402,0,-2,0,-1,-5,-9,-1,9,16,22,23,21,17,15,9,-1,-4,-11,-1,-5,2,3,5,6,-1,4,2,6,11,21,25,32,23,15,17,13,22,20,10,13,8,2,-3,-3,4,9,23,29,28,22,17,12,14,13,15,18,17,16,15,10,13,6,9,14,19,21,18,12,-3,-13,-32,-43,-45,-46,-50,-57,-64,-71,-76,-75,-67,-61,-53,-53,-60,-72,-82,-88,-91,-89,-88,-87,-85,-83,-80,-76,-73,-70,-80,-80,-81,-81,-74,-71,-64,-61,-59,-59,-55,-45,-35,-25,-21,-25,-19,-23,-21,-17,-15,-15,-17,-20,-26,-28,-28,-19,-15,-8,-1,3,2,2,-5,-2,-4,-11,-5,-1,-3,-9,-8,-13,-4,-10,-11,-16,-20,-15,-7,-9,-15,-30,-38,-44,-41,-34,-38,-36,-39,-36,-34,-37,-36,-45,-41,-45,-37,-33,-32,-19,-20,-9,-11,-12,-10,-1,2,7
X4.V1.452,-26,-24,-24,-23,-20,-11,-11,-7,-13,-14,-16,-16,-18,-20,-14,-12,-13,-11,-4,-6,-7,0,4,4,2,1,9,10,13,9,7,0,4,10,8,18,16,12,14,14,7,3,3,-5,-2,-4,-1,-1,2,3,-5,-13,-16,-16,-9,-17,-16,-12,-17,-13,-15,-18,-30,-36,-47,-56,-57,-50,-45,-38,-30,-25,-16,-12,-13,-19,-11,4,14,18,14,13,1,-1,-9,-6,-8,-14,-18,-18,-14,-9,-10,-18,-23,-18,-2,10,25,36,35,37,29,26,35,43,49,53,54,52,46,38,35,28,27,33,31,23,19,8,-7,-8,-18,-24,-35,-35,-37,-34,-28,-24,-12,-11,-11,-8,-10,-11,-3,1,-8,-9,-3,-6,-1,7,16,20,19,24,21,17,14,11,7,1,-1,-4,-6,-3,1,4,6,9,9,6,10,15,16,23,21,17,19,21,22,13,8,9,4,2
X18.V1.682,31,24,24,16,11,1,-6,-13,-16,-8,2,8,7,9,4,5,8,14,27,46,63,72,80,89,95,98,98,94,91,89,87,86,85,92,95,94,90,93,94,96,98,99,103,105,108,103,95,86,76,64,47,30,19,7,1,-4,-16,-30,-44,-55,-59,-65,-73,-85,-90,-86,-80,-73,-64,-60,-56,-58,-63,-74,-82,-86,-81,-70,-47,-9,22,60,93,120,134,134,128,103,84,75,74,75,80,81,85,89,91,91,87,83,82,76,75,73,68,64,55,47,38,28,28,29,32,30,32,36,33,28,18,10,21,36,50,64,76,77,67,59,49,42,36,30,25,19,10,6,4,-1,-3,-15,-25,-31,-31,-31,-35,-29,-31,-36,-35,-31,-37,-40,-44,-52,-50,-46,-33,-16,-3,17,40,67,94,108,98,78,53,35,30,32,35,33,34,29,21,14,10,5
X19.V1.942,37,50,56,53,50,45,47,32,13,-7,-10,-6,1,3,1,9,16,39,37,31,15,4,-8,-20,-39,-53,-59,-53,-46,-30,-22,-1,14,26,36,39,33,22,18,24,35,39,34,20,-2,-17,-30,-36,-38,-37,-41,-39,-45,-39,-33,-41,-53,-71,-78,-78,-78,-79,-72,-71,-63,-62,-56,-53,-44,-37,-26,-30,-32,-26,-20,-27,-29,-44,-42,-45,-57,-58,-59,-53,-50,-48,-29,-20,-10,-9,-18,-20,-31,-34,-39,-51,-75,-93,-109,-109,-93,-80,-59,-34,-8,16,41,60,85,96,103,88,70,71,82,99,99,99,93,93,94,97,93,89,86,96,116,131,145,145,142,136,134,126,110,93,67,43,8,-28,-64,-89,-112,-136,-160,-179,-195,-203,-208,-198,-186,-163,-135,-104,-81,-68,-60,-54,-45,-33,-30,-27,-34,-37,-50,-53,-58,-54,-43,-25,-6,0,-1,-17,-18,-14,-14,-11
X11.V1.422,48,44,46,46,43,41,32,20,3,-1,7,4,12,7,-2,6,12,16,18,30,32,42,39,48,51,48,63,64,68,51,45,36,29,37,31,21,18,23,45,68,85,97,97,106,117,104,110,115,121,118,97,90,79,87,91,75,46,23,19,25,33,56,79,93,98,89,80,71,71,74,80,91,101,91,73,65,60,46,32,12,-11,-10,-3,0,-6,-5,-8,-13,-26,-33,-47,-54,-53,-45,-34,-24,-1,5,10,14,0,-19,-33,-62,-75,-86,-80,-75,-88,-110,-137,-171,-200,-203,-207,-196,-192,-190,-197,-191,-179,-172,-177,-179,-180,-181,-164,-148,-127,-121,-113,-114,-127,-142,-143,-142,-136,-120,-116,-107,-111,-98,-86,-73,-55,-36,-27,-12,-3,-9,-15,-15,-13,-12,-22,-34,-54,-73,-75,-62,-37,-21,-11,-22,-29,-37,-33,-32,-27,-25,-35,-22,-2,17,24,40,68,75
X6.V1.812,-12,-25,-34,-34,-28,-22,-5,12,19,22,20,21,23,23,33,36,30,29,40,53,76,85,91,74,52,30,4,-12,-24,-51,-64,-89,-93,-100,-89,-84,-75,-69,-70,-69,-72,-64,-62,-59,-58,-59,-46,-51,-58,-67,-72,-63,-39,-25,-5,-8,1,0,10,9,13,16,30,50,73,82,85,75,66,56,59,44,44,40,37,29,23,31,29,30,16,2,-14,-20,-31,-37,-38,-13,11,12,2,-6,-10,-2,1,-7,-18,-27,-16,-22,-18,-13,-3,11,26,36,37,34,20,25,38,56,78,82,78,66,46,33,10,-6,-26,-33,-33,-19,10,48,77,86,80,78,77,68,54,39,29,32,38,46,38,28,14,1,-3,-5,-13,-15,-15,-10,2,18,31,27,21,7,-8,-24,-28,-32,-30,-37,-28,-26,-17,-7,-1,2,0,-4,-7,-11,-1,15,28,32,32,34,33,37
X17.V1.142,-98,-63,-54,-23,6,4,-7,-32,-43,-62,-63,-91,-98,-112,-104,-99,-99,-120,-102,-94,-74,-50,-22,-5,18,19,11,6,5,0,1,-25,-8,-11,-14,-20,10,7,32,49,42,75,57,50,22,15,4,8,-7,-21,-30,-25,-25,-26,-45,-19,-11,10,-3,-31,-40,-86,-96,-77,-39,-17,-11,-27,-43,-51,-40,-41,-39,-38,-4,-18,16,12,-4,-7,-30,-41,-41,-64,-70,-54,-44,-21,13,-1,-5,-16,-25,1,18,13,-2,-3,8,12,9,6,0,-14,-9,16,19,2,-29,-48,-48,-62,-67,-84,-78,-64,-77,-87,-80,-67,-36,-24,0,23,36,62,62,93,73,64,34,13,2,0,-5,9,25,-2,-25,-32,-29,-3,-21,-38,-44,-62,-32,-22,-37,-38,-28,-38,-4,7,0,7,-12,-10,-14,-19,-20,-6,-19,-28,-44,-76,-76,-64,-58,-54,-57,-49,-19,-7,-8,-13,-30,-37
X4.V1.492,28,76,122,152,151,135,91,67,43,28,12,-1,-11,36,49,89,78,51,24,16,-18,-25,-62,-51,-47,-10,24,37,16,-61,-99,-154,-151,-138,-127,-118,-65,-43,-10,3,-10,-37,-34,-54,-16,-22,-45,-69,-131,-157,-180,-161,-168,-195,-180,-182,-112,-73,-41,-40,-32,-16,9,-27,-35,-67,-72,-54,-56,-32,-6,38,54,27,-1,-21,-16,-3,15,-2,-33,-56,-54,-16,-22,-32,-88,-95,-124,-67,-53,7,24,10,-19,-58,-75,-83,-106,-144,-180,-210,-220,-205,-198,-174,-128,-139,-89,-125,-98,-101,-92,-71,-53,-59,-45,-35,-48,-46,-41,-51,-21,-30,31,37,72,47,42,34,69,84,92,90,60,76,42,31,24,52,64,98,99,108,109,107,56,51,0,-13,-14,-20,-43,-70,-117,-146,-163,-137,-109,-98,-147,-182,-212,-192,-217,-216,-258,-312,-342,-379,-391,-412,-408,-391,-365,-333,-286,-257
X4.V1.513,-94,-116,-91,-94,-68,-50,-7,43,53,34,3,-16,-15,-2,9,24,11,-6,-24,-16,-15,-20,-40,-49,-64,-56,-47,-43,-31,10,22,48,49,42,47,53,84,86,82,40,0,-19,-41,-17,-29,-6,16,11,-26,-69,-110,-83,-36,-7,45,29,-1,-19,-63,-72,-96,-153,-187,-196,-181,-138,-129,-69,-48,-12,-1,8,17,48,63,82,84,90,82,68,48,33,52,76,110,107,87,62,84,77,69,63,47,34,4,-11,-30,-26,-17,-8,-21,-45,-59,-45,-13,42,78,76,42,8,-16,-26,3,7,26,-12,-42,-77,-71,-79,-91,-103,-104,-32,9,69,123,144,140,105,43,7,1,5,24,10,-9,-20,-48,-23,11,61,85,66,38,28,18,15,-10,-48,-27,-21,-24,-33,-31,-11,6,36,85,103,100,75,34,4,-17,-51,-54,-67,-63,-73,-78,-61,-49,-24,14,44,86,105
X9.V1.262,-2,-9,-12,-20,-19,-16,-11,-4,4,12,10,12,5,-3,-9,-17,-12,-10,-5,-2,7,11,14,9,9,13,19,28,22,18,8,-3,-5,-4,-2,0,3,1,-6,-17,-23,-27,-19,1,11,22,21,21,18,13,16,21,24,26,27,28,27,30,34,33,32,29,25,19,13,7,-3,-6,-7,-13,-12,-10,-12,-13,-13,-14,-12,-7,-6,-5,-11,-8,-6,-5,0,7,16,21,33,34,33,30,23,21,14,11,-2,-9,-22,-24,-24,-28,-32,-34,-36,-31,-24,-22,-17,-17,-12,-9,-7,-1,-1,1,2,3,1,0,4,0,1,7,14,17,19,23,23,33,38,40,30,18,9,-1,-1,6,10,8,9,4,6,5,-1,-5,-12,-16,-18,-22,-21,-13,-1,5,9,10,4,2,7,12,17,25,25,31,31,31,22,15,14,10,6,0,-1,-8,-5,-6,-4,-9
X20.V1.632,66,56,46,34,21,6,-2,-10,-18,-19,-18,-20,-19,-10,10,29,48,58,55,51,47,40,32,35,33,26,28,21,12,9,7,7,6,6,10,11,5,3,3,7,18,37,51,59,60,56,60,68,84,92,98,94,89,80,74,69,61,56,49,47,45,52,51,48,39,36,31,26,15,6,1,-6,-6,-1,3,4,3,0,-4,-14,-24,-32,-39,-42,-42,-35,-31,-21,-15,-9,-6,-6,-9,-13,-18,-24,-27,-36,-41,-48,-48,-50,-50,-52,-53,-51,-51,-53,-56,-61,-59,-60,-69,-76,-84,-89,-89,-84,-73,-59,-51,-48,-44,-39,-39,-37,-36,-33,-39,-34,-33,-30,-28,-34,-29,-30,-25,-24,-22,-22,-18,-21,-27,-26,-31,-32,-38,-42,-46,-55,-57,-57,-52,-47,-42,-37,-40,-36,-36,-37,-45,-50,-56,-65,-71,-78,-85,-87,-90,-90,-93,-92,-83,-70,-53,-34,-7,14
X2.V1.442,4,8,12,11,6,0,-10,-14,-19,-23,-16,-15,-12,-13,-14,-18,-23,-26,-24,-18,-14,-10,-7,-6,-11,-22,-28,-24,-32,-27,-33,-40,-38,-46,-51,-50,-52,-56,-54,-54,-63,-61,-65,-65,-54,-43,-30,-37,-36,-42,-48,-46,-56,-49,-47,-48,-43,-43,-36,-29,-23,-19,-16,-20,-27,-38,-44,-57,-57,-53,-41,-35,-31,-23,-21,-25,-36,-40,-50,-53,-45,-46,-62,-66,-64,-61,-60,-58,-62,-61,-65,-73,-80,-83,-77,-78,-76,-87,-94,-101,-96,-98,-92,-85,-77,-73,-69,-72,-72,-77,-76,-74,-68,-49,-33,-21,-10,-8,-4,1,10,6,1,-5,-7,-13,-14,-17,-17,-15,-26,-40,-48,-55,-74,-85,-90,-94,-89,-85,-83,-79,-77,-82,-83,-92,-89,-77,-62,-55,-57,-55,-49,-42,-37,-33,-34,-29,-34,-35,-40,-34,-30,-27,-27,-31,-36,-41,-32,-26,-19,-15,-20,-26,-37,-44,-63,-65
X22.V1.642,6,25,33,42,42,43,33,18,3,-18,-39,-58,-60,-74,-75,-70,-70,-64,-66,-58,-52,-36,-26,-27,-33,-35,-25,-18,-8,-1,8,13,19,27,28,27,28,28,21,22,8,-4,-13,-8,2,6,15,11,4,-4,-11,-13,-20,-17,-21,-27,-26,-22,-13,-11,-14,-25,-33,-37,-31,-25,-16,-13,-15,-18,-20,-22,-33,-33,-21,-14,-9,-13,-13,-17,-8,-4,7,9,10,18,19,23,26,20,16,18,24,22,28,34,43,33,35,30,29,32,36,43,45,43,36,20,14,20,22,20,27,24,20,18,16,21,23,27,26,20,14,8,4,-4,2,1,1,4,5,6,2,0,-2,-4,-10,-6,-7,-7,-10,-14,-20,-26,-23,-26,-18,-15,-9,-13,-16,-17,-15,-7,6,15,9,2,-22,-48,-60,-63,-54,-50,-36,-34,-36,-35,-41,-43,-53,-56,-57,-52,-43,-28,-15,-6
X16.V1.942,9,1,-3,-7,-6,-4,6,9,18,25,24,16,6,-6,-13,-13,-21,-18,-16,-18,-23,-36,-52,-56,-58,-65,-70,-79,-84,-70,-60,-51,-60,-67,-75,-68,-63,-58,-56,-45,-41,-39,-48,-52,-53,-42,-33,-14,-2,3,10,14,26,26,22,22,16,20,35,41,48,41,27,23,22,35,40,37,17,0,-9,-15,-22,-23,-39,-39,-53,-53,-48,-37,-22,-19,-12,-1,20,34,39,22,17,5,5,-1,-13,-28,-34,-23,-17,-8,-20,-18,-11,3,14,4,-13,-37,-39,-18,-4,0,0,-2,-14,-11,-8,-4,13,16,25,32,28,19,11,3,5,7,1,7,3,-8,-21,-24,-24,-12,-5,1,-1,-15,-20,-33,-43,-46,-41,-42,-45,-51,-43,-36,-18,-14,-9,-7,0,8,16,31,33,33,29,28,22,15,8,3,4,11,20,28,23,17,14,11,16,9,-6,-23,-37,-38
X6.V1.102,-19,-14,-13,-10,-11,-10,-5,-3,2,2,3,-4,-4,-5,-12,-14,-18,-19,-16,-15,-17,-23,-27,-34,-39,-43,-46,-54,-62,-68,-70,-71,-72,-75,-78,-72,-54,-33,-11,2,10,14,7,6,3,0,4,10,16,22,26,26,26,27,23,9,-3,-7,-8,-12,-19,-26,-29,-38,-41,-43,-37,-31,-24,-19,-20,-17,-14,-12,-6,-2,-4,-7,-9,-8,-11,-11,-9,-4,-7,2,3,2,3,3,2,2,4,1,2,1,7,9,11,17,22,28,35,39,40,36,34,28,26,25,26,22,15,5,2,1,2,11,14,20,23,26,28,27,31,29,27,18,9,-2,-6,-13,-14,-10,-2,6,10,0,1,1,4,4,10,11,17,24,29,34,32,28,20,16,15,16,17,18,24,17,13,6,8,-1,-6,-9,-15,-22,-25,-26,-26,-25,-26,-29,-26,-30,-29,-33,-26,-26
X16.V1.572,30,33,31,36,39,45,45,56,65,72,80,75,63,37,24,11,1,-9,-9,-9,-6,-11,-28,-45,-62,-72,-81,-93,-92,-102,-108,-111,-100,-83,-69,-51,-51,-45,-42,-29,-29,-25,-16,-7,0,4,10,4,4,3,1,-3,-11,-10,-13,-12,-16,-11,-10,-10,-3,-12,-6,-1,7,10,5,6,3,12,15,21,20,23,20,17,21,17,16,9,11,5,7,5,10,10,12,18,23,22,16,20,24,25,28,19,-1,-31,-47,-58,-61,-62,-67,-71,-75,-73,-79,-82,-80,-77,-77,-65,-54,-49,-39,-27,-25,-24,-31,-32,-45,-47,-50,-49,-60,-63,-67,-75,-78,-79,-82,-87,-97,-107,-114,-120,-124,-125,-129,-124,-122,-122,-115,-110,-107,-109,-103,-101,-99,-99,-97,-100,-106,-95,-93,-88,-86,-75,-61,-51,-33,-30,-34,-50,-56,-73,-81,-72,-61,-41,-34,-22,-34,-33,-31,-37,-48,-61
X8.V1.812,3,-9,-24,-48,-63,-76,-63,-70,-62,-58,-54,-46,-49,-54,-65,-67,-75,-82,-86,-72,-52,-29,-9,5,14,-1,-9,-2,11,24,23,15,5,5,3,-6,-12,-17,-14,-9,4,17,24,21,15,16,7,4,-3,3,4,-1,-12,-14,-15,-8,-11,-31,-40,-48,-31,-14,-4,-11,-19,-25,-25,-16,-25,-26,-25,-17,2,8,26,43,57,58,59,64,74,72,68,64,79,102,121,123,116,110,104,104,103,90,86,74,61,56,36,55,61,65,62,52,46,35,17,9,10,26,51,66,61,56,56,56,70,91,96,103,111,131,145,161,154,150,167,174,192,196,202,212,206,191,173,146,124,102,86,69,57,35,10,-11,-28,-39,-50,-69,-81,-92,-80,-78,-79,-77,-73,-66,-59,-73,-79,-77,-65,-64,-51,-55,-46,-36,-32,-23,-23,-19,-10,13,41,58,69,66,63,65
X8.V1.312,27,20,20,21,29,32,52,57,64,82,97,110,105,91,81,78,72,57,54,55,67,68,55,42,41,23,12,-8,-13,-20,-25,-23,-31,-32,-25,-27,-28,-39,-37,-42,-37,-26,-19,-28,-24,-14,-13,-13,-20,-9,2,3,6,-3,-7,7,6,8,23,35,44,48,58,65,63,54,34,21,4,4,-6,-11,-18,-34,-48,-59,-53,-56,-54,-59,-57,-48,-47,-26,-20,-5,15,34,40,46,51,47,51,48,40,46,48,65,67,76,83,85,82,76,79,74,63,52,45,41,41,36,48,54,65,66,57,60,65,68,74,70,78,81,80,86,88,105,116,121,113,103,86,66,51,50,54,60,59,58,45,36,32,30,37,48,47,53,56,57,53,52,54,51,49,50,58,56,56,55,52,45,41,43,34,23,18,23,23,21,17,16,24,35,43,39,34,33
X10.V1.872,-32,-34,-31,-30,-27,-25,-26,-18,-6,5,17,24,21,14,9,1,0,-5,-18,-24,-34,-36,-34,-30,-24,-19,-20,-19,-23,-16,-18,-1,18,24,24,20,23,28,37,46,51,59,67,73,71,64,56,43,29,17,7,-1,-5,1,3,2,2,3,5,19,28,37,45,51,50,48,43,34,21,13,13,19,24,33,39,43,41,37,38,33,35,35,34,43,53,61,68,71,72,73,71,69,58,59,71,79,87,73,58,28,-1,-13,-27,-39,-45,-39,-33,-32,-28,-34,-37,-37,-32,-27,-16,-1,16,26,33,33,27,18,20,21,22,14,10,-8,-20,-27,-35,-41,-49,-54,-54,-52,-41,-34,-18,4,25,36,49,45,40,35,37,37,40,47,58,57,53,51,50,36,27,12,4,-11,-14,-14,-8,-1,6,1,-5,-9,-13,-10,-6,-3,-3,-3,1,2,2,4
X10.V1.982,-75,-87,-100,-113,-117,-116,-112,-107,-102,-98,-100,-100,-96,-94,-96,-98,-105,-108,-107,-95,-84,-66,-54,-46,-33,-23,-3,0,7,13,18,16,10,9,-1,-1,0,5,8,14,21,22,21,19,17,16,15,14,14,12,10,10,8,8,10,15,23,32,35,29,25,14,12,3,-1,-16,-28,-41,-44,-45,-47,-37,-35,-28,-21,-11,-5,4,12,7,16,26,48,64,79,87,91,100,111,118,115,114,112,111,111,103,94,78,67,55,50,47,45,35,28,12,-3,-25,-39,-41,-34,-28,-15,-1,8,15,19,19,20,28,22,22,18,21,18,18,15,8,2,-3,-4,-2,7,11,15,9,6,0,-7,-12,-19,-29,-44,-56,-62,-74,-78,-81,-85,-90,-92,-81,-78,-67,-50,-36,-23,-16,-7,-1,-1,-2,-8,-21,-33,-48,-64,-81,-95,-108,-118,-118,-118,-115,-108,-95,-83,-77
X1.V1.692,28,33,26,24,18,3,-12,-22,-26,-32,-31,-37,-42,-52,-74,-104,-124,-112,-62,-1,53,93,111,115,111,107,95,81,67,55,44,39,29,25,20,15,4,-10,-13,-4,8,13,13,2,-16,-34,-41,-46,-48,-42,-38,-28,-20,-14,-13,-6,-1,3,5,12,26,42,60,69,79,77,76,77,65,54,44,45,59,79,89,96,98,105,112,114,118,122,120,122,123,120,119,123,116,98,73,57,49,52,54,55,53,57,59,59,59,62,53,36,22,15,23,35,41,40,33,38,40,36,22,13,9,8,5,9,7,6,3,3,0,-5,-17,-21,-25,-15,-12,5,12,20,9,6,6,12,17,23,27,24,18,11,10,13,11,10,9,6,11,14,20,26,36,33,33,27,27,23,24,33,41,53,58,65,61,44,37,24,14,2,-11,-29,-41,-36,-34,-31
X12.V1.762,-55,-68,-34,-27,-17,-33,-58,-61,-77,-75,-84,-61,-30,-6,-11,-14,-23,-41,-42,-51,-68,-64,-68,-70,-60,-62,-50,-42,-40,-35,-28,-36,-13,10,11,29,45,44,35,-34,-70,-99,-131,-135,-171,-173,-175,-158,-145,-145,-126,-110,-111,-103,-123,-131,-139,-161,-154,-171,-151,-119,-112,-69,-73,-53,-69,-59,-37,-9,8,15,3,-28,-66,-104,-135,-148,-128,-95,-104,-105,-147,-146,-116,-104,-82,-109,-98,-95,-105,-95,-90,-66,-64,-74,-93,-109,-112,-131,-141,-164,-180,-197,-206,-183,-137,-106,-96,-89,-60,-88,-105,-170,-187,-169,-164,-159,-154,-150,-139,-153,-166,-173,-162,-164,-146,-137,-134,-143,-129,-115,-98,-87,-87,-76,-31,9,47,34,16,2,-12,-1,-4,-12,-18,-29,-24,-3,22,6,2,-58,-106,-137,-133,-111,-73,-66,-65,-46,-50,-76,-114,-127,-161,-150,-141,-102,-90,-90,-87,-90,-79,-84,-95,-93
X15.V1.802,19,18,30,35,36,33,26,17,12,11,5,10,17,16,6,-4,-14,-18,-14,-17,-22,-28,-27,-19,-21,-26,-28,-27,-16,-3,6,-1,-1,-5,-7,-9,-6,4,15,21,25,24,15,8,1,8,10,12,6,5,9,14,20,20,25,32,36,40,40,44,52,61,61,56,56,51,53,54,62,63,65,72,75,74,63,58,52,52,48,40,34,32,40,43,43,50,52,52,55,57,62,68,66,58,48,48,49,55,57,68,76,75,71,65,58,58,58,48,40,29,24,15,10,9,8,6,14,10,1,-12,-18,-14,-13,-2,4,9,10,14,8,12,15,14,9,3,5,7,10,9,7,1,-1,-9,-20,-15,-13,7,14,23,31,34,39,42,45,46,48,56,49,53,52,54,55,56,59,58,60,58,54,44,38,36,31,33,30,31,28,33,38,38
X3.V1.102,-22,-21,-20,-10,-14,-3,-5,3,11,9,7,9,14,13,20,24,30,32,33,32,31,36,38,34,27,19,10,6,5,2,3,1,-1,-3,-3,-5,-15,-11,-13,-16,-19,-22,-23,-28,-35,-40,-45,-50,-47,-36,-19,-5,-1,0,6,16,18,27,34,38,42,41,37,31,38,43,53,60,63,65,61,60,51,43,35,19,17,14,26,29,31,25,26,23,23,26,20,26,23,25,23,20,22,17,19,20,17,17,10,11,12,16,21,27,26,17,7,0,-4,-3,0,-2,1,-4,-8,-13,-23,-32,-42,-57,-69,-80,-86,-92,-100,-106,-114,-117,-115,-107,-96,-88,-86,-84,-87,-84,-89,-91,-92,-92,-84,-83,-86,-85,-83,-88,-85,-89,-81,-77,-70,-67,-65,-58,-49,-38,-36,-33,-26,-21,-14,-14,-5,-4,0,-2,-6,-11,-13,-13,-12,-9,-8,-7,-4,-6,-5,2
X6.V1.182,60,48,41,29,10,-1,-11,-9,-4,1,4,6,1,6,15,33,49,74,84,100,104,115,109,109,109,115,123,126,126,120,112,108,107,100,91,71,43,39,39,46,40,38,45,47,51,49,45,43,52,62,69,76,84,83,77,73,64,59,50,49,51,51,45,35,26,21,18,24,31,38,40,31,30,35,42,42,41,27,5,-9,-12,-10,-8,-1,6,17,21,28,24,29,40,44,40,33,32,22,25,16,19,25,21,32,30,34,41,34,17,-6,-38,-47,-59,-55,-44,-32,-16,-1,5,15,24,34,32,32,15,8,0,-5,-18,-45,-53,-67,-68,-73,-64,-55,-55,-50,-63,-73,-71,-71,-60,-63,-54,-56,-49,-55,-49,-53,-38,-33,-28,-29,-33,-16,-9,-5,-7,-12,-19,-17,-7,-8,4,-1,-8,-17,-29,-40,-55,-57,-53,-47,-42,-20,6,24,32,29
X19.V1.392,-71,-72,-73,-64,-58,-55,-57,-56,-50,-33,-22,-12,-5,-1,-6,-15,-35,-43,-49,-41,-21,-19,-4,-2,10,7,7,-1,-9,-6,-18,-15,-19,-25,-25,-29,-31,-29,-17,0,3,-4,-9,-12,-4,-10,-14,-7,-3,9,17,19,14,5,-2,1,5,15,13,9,-2,-7,1,15,29,38,41,38,43,59,81,97,92,85,78,77,72,66,53,43,40,45,57,74,89,97,96,97,98,97,83,63,35,12,-9,-32,-46,-66,-85,-99,-114,-123,-124,-122,-110,-93,-67,-50,-39,-28,-21,-10,-1,7,12,25,35,48,63,73,87,82,81,60,40,34,26,30,24,11,3,-6,-16,-21,-17,-5,6,17,19,20,19,21,24,26,27,15,4,-4,-6,-11,-24,-23,-17,-17,-24,-27,-22,-23,-27,-31,-39,-37,-39,-38,-31,-32,-28,-29,-43,-46,-46,-50,-48,-53,-46,-42,-37,-36
X2.V1.713,10,10,11,2,6,7,15,24,32,42,49,51,47,40,28,19,13,13,15,20,20,29,36,44,58,65,73,75,76,75,70,69,66,60,54,43,34,28,26,24,20,12,14,15,20,21,26,27,25,29,30,22,22,22,25,20,8,1,-12,-17,-22,-21,-21,-23,-15,-12,1,17,33,42,47,48,44,43,46,42,38,34,26,18,16,10,2,-10,-18,-31,-36,-40,-37,-37,-42,-46,-42,-38,-18,-2,14,28,34,43,53,58,61,53,53,56,58,57,50,42,32,23,20,17,23,25,31,30,29,26,14,4,1,-5,-10,-13,-23,-26,-30,-27,-23,-15,-13,-6,-9,-8,-6,1,-5,-13,-18,-29,-28,-24,-8,11,24,22,21,19,22,32,33,29,22,9,0,-12,-21,-29,-43,-55,-62,-62,-66,-69,-81,-88,-95,-92,-75,-66,-51,-41,-32,-14,-4,4
X23.V1.662,-15,-18,-17,-21,-24,-15,-4,3,5,5,3,-9,-21,-28,-36,-35,-30,-29,-30,-29,-29,-31,-31,-29,-25,-32,-26,-26,-29,-40,-46,-50,-49,-45,-48,-52,-48,-46,-43,-43,-37,-33,-31,-31,-29,-31,-34,-35,-44,-51,-56,-47,-41,-37,-38,-48,-57,-57,-43,-43,-35,-30,-31,-27,-23,-14,-6,1,9,6,-5,-11,-13,-9,0,6,6,6,15,20,24,27,29,32,35,39,40,35,34,39,41,30,20,14,10,11,23,25,10,0,-21,-28,-33,-39,-44,-48,-49,-42,-37,-32,-28,-28,-28,-27,-26,-29,-32,-27,-20,-13,-1,-5,-9,-7,-3,-1,3,-3,0,1,14,24,23,21,23,17,10,6,7,9,14,19,23,21,19,9,6,11,21,29,27,27,21,9,1,-7,-14,-24,-24,-17,-18,-18,-15,-13,-22,-17,-16,-1,-1,1,-10,-17,-14,-22,-26,-35,-38,-39
X4.V1.412,-9,22,19,46,133,140,150,124,48,28,-13,-33,-25,28,61,65,60,68,134,189,185,228,200,237,221,204,195,224,229,212,168,159,124,175,227,264,263,222,183,104,54,-6,39,49,55,-32,-76,-107,-82,-37,0,24,12,-64,-93,-119,-103,-85,-65,-30,-29,39,100,109,84,-26,-93,-128,-106,-2,0,13,-2,40,82,88,44,-9,-7,26,58,101,139,108,75,3,19,0,-19,-63,-90,-29,31,131,165,161,128,58,-12,-89,-98,-79,-18,11,30,93,95,105,24,-60,-142,-174,-158,-113,-48,-31,-17,-25,-54,-65,-98,-66,-94,-110,-125,-60,36,112,137,66,11,-22,-50,-12,37,109,174,148,98,25,-28,-39,-48,-40,-30,-48,-69,-106,-120,-115,-107,-122,-133,-143,-122,-95,-78,-94,-64,-78,-85,-100,-99,-19,74,129,136,43,-8,-19,10,49,88,111,107,65,42,56
X15.V1.422,38,37,41,37,40,52,56,50,46,43,35,31,31,37,31,20,8,-14,-4,-11,-15,-21,-29,-13,-15,-15,-13,-16,-32,-41,-63,-71,-68,-51,-18,17,53,78,79,65,53,31,6,1,-15,-29,-37,-44,-33,-47,-46,-54,-57,-61,-37,-21,-6,21,37,63,75,87,91,91,96,75,48,14,-11,-13,-7,3,2,-6,-7,-6,0,13,40,67,77,69,51,20,14,18,19,16,12,23,38,55,60,57,26,-22,-62,-99,-108,-119,-124,-122,-113,-108,-127,-138,-150,-149,-156,-152,-149,-150,-155,-155,-151,-136,-111,-74,-50,-25,-7,-1,-4,-3,-11,-17,-6,2,37,53,68,69,68,59,54,45,42,49,50,42,41,44,14,-4,-29,-47,-65,-88,-87,-89,-82,-77,-54,-38,-5,-6,0,11,31,52,60,55,54,43,37,17,-10,-41,-47,-45,-40,-25,-13,-7,-5,0,10,5
X22.V1.152,50,67,69,77,82,90,79,64,44,25,8,-6,-12,-23,-26,-23,-22,-21,-22,-15,-12,-6,3,2,0,1,9,20,27,41,54,56,61,67,67,71,73,77,69,65,46,32,25,31,42,46,55,48,41,32,26,28,19,21,16,11,8,8,7,14,17,18,19,11,11,14,19,32,32,27,24,26,26,29,44,51,53,49,47,42,53,60,67,68,73,76,82,81,84,85,80,85,86,82,86,93,105,104,109,107,105,102,107,114,118,119,107,93,87,94,101,103,104,101,98,90,93,92,98,101,99,88,84,77,68,57,61,63,65,60,63,55,56,48,47,43,41,41,38,38,35,29,22,14,24,22,34,38,38,32,29,27,27,29,35,42,40,37,28,8,0,-1,2,3,12,14,12,15,16,18,12,10,7,8,16,31,42,51
X15.V1.113,17,26,34,37,27,20,24,18,20,15,6,-2,-1,5,7,6,7,-1,-1,-3,14,21,31,38,41,43,39,45,41,41,45,38,29,36,66,86,97,95,86,67,44,14,-6,-14,-15,-12,-12,1,15,29,41,53,55,50,47,38,31,16,9,11,17,43,60,74,68,64,51,41,38,35,31,26,21,15,16,15,13,-3,-18,-18,-23,-25,-28,-27,-26,-19,-19,-19,-18,-9,-1,-7,-11,-13,-18,-19,-23,-28,-29,-20,-5,4,18,24,23,6,-15,-31,-40,-48,-53,-73,-101,-125,-138,-149,-164,-181,-188,-190,-183,-171,-161,-145,-120,-102,-93,-79,-73,-65,-55,-38,-23,-17,-11,-13,-15,-16,-11,-9,-9,-5,-3,-2,4,12,19,18,27,19,15,11,10,2,-8,-19,-38,-78,-121,-150,-165,-153,-133,-113,-99,-93,-84,-75,-63,-43,-36,-29,-25,-11,-2,9,12,26
X20.V1.972,-133,-127,-118,-108,-111,-91,-82,-59,-58,-43,-32,-10,2,-19,-42,-78,-108,-127,-152,-144,-142,-133,-140,-124,-107,-96,-105,-123,-137,-140,-133,-138,-149,-167,-174,-153,-136,-129,-132,-135,-132,-117,-122,-114,-93,-89,-87,-86,-72,-61,-62,-69,-81,-71,-68,-61,-58,-56,-47,-44,-42,-30,-21,3,17,32,36,25,18,-10,-31,-36,-34,-19,-24,-3,9,30,31,22,6,-8,-34,-48,-69,-69,-66,-80,-92,-91,-90,-79,-89,-81,-72,-50,-26,-24,-29,-52,-59,-67,-74,-87,-99,-116,-116,-123,-118,-112,-109,-93,-88,-76,-52,-47,-40,-47,-58,-67,-89,-101,-114,-94,-82,-69,-68,-55,-36,-16,-23,-14,-12,-11,-8,-10,-38,-54,-66,-83,-84,-98,-92,-84,-72,-54,-53,-44,-26,-4,32,68,86,90,78,87,85,96,108,110,114,118,116,115,89,73,63,46,37,17,21,32,45,46,41,25,24,33
X4.V1.472,-38,-52,-68,-92,-87,-62,-24,12,36,42,17,-5,-42,-56,-36,-11,5,9,2,-1,-3,-4,-11,-30,-64,-72,-80,-68,-56,-13,14,28,41,51,63,66,75,73,63,41,4,-38,-78,-88,-106,-83,-42,-12,-20,-35,-38,-9,54,110,150,139,92,43,-1,-18,-42,-75,-96,-116,-117,-103,-68,4,59,73,63,43,45,45,64,77,51,36,7,4,6,17,17,49,73,71,49,19,4,-7,-22,-20,-8,-3,-33,-44,-54,-42,-6,14,37,53,37,17,-1,13,41,37,19,-4,-37,-56,-31,8,50,61,37,15,22,22,9,-21,-28,-7,16,37,68,80,71,46,5,-29,-32,-44,-41,-45,-48,-35,-62,-79,-69,-43,-22,-27,-49,-54,-47,-41,-37,-50,-46,-54,-72,-71,-50,-41,-40,-40,-14,22,32,39,9,-3,-22,-34,-47,-61,-81,-104,-105,-81,-47,-33,-32,-29,-8,26
X15.V1.132,-71,-75,-75,-71,-65,-60,-67,-71,-73,-89,-97,-104,-104,-99,-97,-94,-93,-98,-102,-104,-107,-101,-92,-81,-74,-70,-70,-65,-60,-54,-49,-52,-59,-66,-71,-74,-74,-69,-70,-69,-71,-71,-73,-76,-83,-89,-86,-87,-82,-67,-60,-55,-65,-69,-68,-67,-63,-60,-71,-73,-68,-73,-74,-75,-75,-77,-78,-73,-65,-53,-47,-38,-48,-55,-63,-74,-88,-94,-98,-101,-103,-96,-86,-76,-68,-67,-71,-77,-82,-79,-69,-55,-47,-41,-48,-47,-52,-54,-51,-49,-53,-56,-60,-55,-46,-38,-37,-44,-58,-57,-54,-51,-49,-60,-80,-95,-106,-117,-129,-132,-128,-123,-116,-105,-96,-90,-86,-85,-87,-80,-69,-69,-62,-64,-62,-62,-58,-56,-56,-54,-55,-54,-58,-62,-65,-64,-70,-64,-58,-49,-44,-43,-41,-43,-39,-35,-37,-35,-29,-23,-21,-22,-23,-27,-27,-29,-37,-40,-51,-60,-77,-86,-93,-92,-77,-62,-49,-43
X11.V1.212,-3,-6,-5,-10,-24,-23,-24,-18,-9,1,13,30,33,33,25,25,28,26,5,-6,-31,-41,-50,-46,-47,-49,-49,-48,-44,-41,-42,-46,-51,-53,-52,-45,-39,-30,-25,-23,-17,-27,-29,-39,-36,-38,-40,-36,-45,-55,-69,-82,-77,-75,-71,-61,-42,-11,20,31,28,29,26,19,21,15,19,6,-10,-29,-46,-44,-44,-49,-50,-50,-55,-55,-55,-52,-44,-36,-32,-25,-20,-20,-25,-32,-33,-33,-22,-6,-2,-1,5,-4,-7,-11,-21,-21,-27,-25,-32,-34,-37,-37,-41,-41,-51,-53,-67,-81,-95,-96,-96,-95,-101,-101,-104,-102,-86,-61,-34,-10,-3,1,-4,-9,-29,-52,-76,-94,-104,-112,-105,-96,-89,-82,-82,-75,-71,-57,-47,-39,-28,-20,-11,-5,1,4,2,9,8,-9,-21,-50,-69,-83,-93,-109,-125,-146,-159,-165,-160,-157,-137,-120,-91,-55,-31,-23,-25,-35,-41,-48,-48,-59
X14.V1.151,6,37,52,60,60,56,50,45,41,42,58,73,78,80,69,48,21,10,-3,-13,-28,-24,-22,-8,5,19,15,18,27,29,43,57,73,77,66,40,15,11,41,73,91,86,79,62,61,74,84,84,58,39,21,18,27,29,35,53,76,83,69,52,33,17,12,9,23,47,76,91,91,89,73,68,67,75,78,71,75,64,62,54,43,21,-1,-2,7,19,25,34,34,38,56,63,63,65,53,40,31,44,77,103,120,133,134,133,118,100,86,77,76,53,44,54,78,100,103,92,62,35,21,25,33,49,58,64,65,59,45,30,41,72,102,120,111,95,70,60,41,31,28,40,53,54,61,67,76,80,86,93,97,107,114,117,111,102,86,85,99,114,123,114,102,60,17,-17,-27,-11,22,46,46,50,76,90,87,74,52,39,37,38
X4.V1.591,106,119,108,70,32,11,-9,-18,-7,-10,-32,-12,26,44,45,65,62,71,77,59,35,12,12,11,-10,-12,-13,-50,-83,-78,-69,-65,-36,-13,1,27,74,94,82,39,-5,-38,-47,-22,-13,5,28,51,33,-6,-44,-72,-89,-104,-105,-102,-74,-37,4,22,19,-9,-38,-47,-55,-73,-107,-118,-108,-96,-90,-73,-49,-16,33,106,109,74,5,-65,-120,-149,-154,-152,-104,-83,-53,-19,16,45,62,76,61,14,-28,-53,-86,-108,-90,-59,-53,-45,-14,18,60,70,40,1,-27,-6,19,52,69,58,41,11,-36,-78,-94,-78,-74,-72,-51,-24,-17,-6,2,-5,-19,-17,-19,-45,-91,-126,-138,-153,-114,-66,-34,-10,0,-3,-24,-36,-50,-86,-107,-86,-45,-4,68,131,143,131,114,85,40,10,-30,-17,-13,-27,-59,-67,-42,-37,-24,-4,20,8,-20,-35,-47,-68,-90,-87,-76,-67
X20.V1.211,-45,-42,-9,22,48,62,54,34,-7,-35,-63,-64,-44,-14,7,6,-2,-18,-37,-45,-39,-20,2,23,23,6,-8,-17,-33,-39,-35,-28,-16,-10,-9,-22,-27,-26,-24,-25,-25,-15,-14,-19,-18,-20,-20,-13,4,22,38,51,44,23,-9,-40,-76,-95,-94,-76,-53,-19,8,28,45,56,68,81,106,118,113,97,71,49,24,7,-30,-69,-90,-77,-42,-15,17,41,65,59,27,-13,-28,0,40,62,57,29,-9,-44,-71,-89,-96,-89,-69,-48,-31,-17,-13,-21,-33,-30,-18,19,66,94,82,36,-9,-56,-84,-104,-122,-142,-140,-121,-84,-43,-9,21,38,62,72,65,46,14,-21,-57,-87,-111,-120,-112,-91,-68,-50,-15,18,45,60,64,61,52,40,8,-37,-80,-107,-124,-130,-132,-135,-128,-106,-79,-52,-21,26,74,108,122,116,80,42,2,-39,-86,-125,-137,-137,-120,-100,-82
X15.V1.551,48,31,4,-22,-43,-49,-49,-40,-30,-28,-24,-15,10,36,61,87,86,63,27,-8,-32,-37,-28,-32,-36,-55,-59,-57,-40,-12,17,40,43,28,-14,-52,-63,-58,-46,-30,-29,-47,-62,-78,-83,-73,-38,5,35,43,20,-26,-75,-100,-98,-76,-46,-29,-18,-30,-42,-52,-70,-77,-73,-54,-35,-10,-6,-13,-26,-25,-17,-9,-3,-7,-26,-57,-81,-99,-98,-81,-72,-65,-56,-35,-16,-3,9,10,9,13,21,16,7,-11,-29,-56,-83,-105,-127,-129,-115,-86,-50,-11,19,26,22,13,9,2,2,1,-9,-27,-46,-69,-90,-81,-52,-15,17,39,44,30,18,1,-16,-25,-23,-20,-13,0,0,-6,-13,-16,-30,-46,-70,-90,-100,-102,-89,-76,-56,-33,-15,-6,5,23,34,44,48,52,60,61,58,35,16,2,-6,-18,-28,-28,-37,-36,-31,-27,-25,-35,-44,-50,-47,-28,-10,8
X19.V1.821,-92,-98,-89,-86,-85,-55,-22,-26,-44,-69,-108,-144,-155,-146,-133,-108,-92,-89,-96,-90,-84,-64,-23,-5,-19,-66,-97,-100,-93,-72,-29,3,8,14,3,-20,-45,-61,-96,-112,-95,-85,-78,-65,-68,-86,-83,-50,-38,-51,-58,-47,-38,-29,-4,3,7,9,-8,-68,-120,-131,-134,-112,-51,3,13,-2,-24,-64,-91,-95,-102,-109,-86,-75,-79,-91,-65,-44,-47,-52,-40,-29,-48,-76,-111,-137,-139,-127,-114,-93,-63,-81,-106,-108,-103,-109,-115,-104,-93,-82,-71,-73,-77,-80,-64,-83,-107,-108,-85,-79,-66,-44,-54,-77,-103,-103,-100,-85,-51,-33,-47,-83,-122,-146,-145,-143,-150,-130,-60,4,5,-22,-50,-100,-132,-121,-109,-131,-138,-120,-122,-122,-91,-56,-44,-25,-31,-77,-142,-173,-197,-197,-132,-63,-18,-4,8,-16,-62,-87,-95,-106,-109,-93,-85,-98,-98,-91,-95,-106,-94,-97,-113,-112,-105,-119
X14.V1.461,-9,-8,2,17,44,68,102,126,143,166,174,192,182,158,127,94,63,31,31,60,80,105,110,105,95,91,87,87,95,119,130,124,104,65,36,15,21,38,67,99,132,138,138,123,94,78,68,55,39,24,27,45,71,85,92,78,72,63,35,13,-4,-7,-9,-5,9,-5,-8,-3,11,37,62,76,75,71,71,53,35,14,-1,-5,-9,-13,-17,-14,14,40,71,82,86,72,56,55,43,22,-8,-24,-27,-19,6,24,28,20,16,15,20,29,33,32,24,20,11,15,16,8,0,15,45,65,67,59,51,43,31,16,23,27,44,45,34,41,48,53,57,66,81,85,107,108,103,85,66,62,59,67,64,47,28,26,30,44,77,88,96,78,68,75,94,123,138,139,126,114,92,79,65,49,41,53,77,73,55,33,32,50,81,111,127,122
X23.V1.361,-15,-22,-36,-43,-27,17,81,141,158,124,52,-19,-58,-60,-64,-90,-125,-141,-122,-97,-61,-17,41,77,79,54,-4,-41,-54,-57,-64,-63,-63,-57,-46,-19,27,69,90,82,47,-10,-57,-87,-106,-109,-121,-125,-105,-74,-44,-37,-22,10,50,86,101,78,37,-5,-38,-52,-65,-70,-76,-76,-64,-49,-27,-10,16,32,55,81,92,67,18,-56,-105,-138,-122,-84,-35,11,40,43,48,53,54,37,13,-28,-84,-136,-164,-149,-115,-74,-32,-9,23,50,63,56,50,34,7,-13,-41,-86,-112,-110,-89,-71,-69,-49,-20,13,44,60,43,6,-50,-110,-167,-186,-182,-142,-75,-11,30,45,63,76,90,87,77,67,45,10,-48,-100,-135,-138,-124,-86,-35,30,84,126,154,155,134,106,46,-24,-92,-136,-160,-158,-142,-111,-79,-31,35,85,110,108,81,37,-17,-76,-126,-147,-133,-103,-67,-23
X11.V1.351,27,35,37,38,27,15,-4,-18,-29,-21,-11,-8,-6,-8,-11,-17,-2,3,5,4,9,4,-19,-48,-70,-72,-54,-29,-19,-25,-31,-39,-33,-17,6,12,8,7,2,3,4,17,33,50,55,43,13,-5,6,18,30,20,-7,-36,-50,-35,-25,-13,-8,-16,-28,-28,-11,1,4,-6,-32,-65,-93,-95,-78,-36,15,53,68,62,42,18,5,1,7,8,9,8,8,5,12,14,17,28,29,21,11,4,-4,-15,-3,12,20,10,-8,-32,-46,-42,-31,-13,5,22,12,-16,-44,-65,-62,-44,-18,-8,-7,-15,-28,-45,-50,-43,-35,-32,-41,-53,-68,-68,-53,-35,-14,-1,-2,-13,-18,-14,-11,3,17,32,28,18,-6,-22,-20,-4,8,-1,-20,-41,-50,-43,-22,-6,3,21,24,19,-2,-21,-38,-46,-45,-47,-43,-23,12,30,36,17,-5,-25,-29,-17,-8,2,0,-21
X7.V1.901,13,-12,-42,-45,-42,-16,21,58,72,57,39,14,-6,-25,-34,-37,-30,-4,13,16,-4,-15,-13,2,20,32,31,19,0,-25,-40,-43,-34,-15,14,41,34,12,-9,-28,-34,-24,-8,-4,-16,-39,-55,-43,-4,45,73,74,52,21,2,2,7,-4,-26,-47,-60,-47,14,97,158,171,137,75,17,-3,-5,5,17,20,25,31,71,128,187,208,176,87,-7,-64,-83,-72,-52,-33,-27,-10,21,67,104,108,89,45,7,-13,-26,-38,-53,-60,-54,-16,41,93,116,112,98,63,35,8,-16,-45,-59,-56,-44,-22,3,21,30,49,60,65,57,27,-11,-53,-68,-60,-38,-16,-1,-16,-36,-44,-48,-38,-20,-1,10,2,2,5,7,21,45,53,46,24,8,3,10,17,7,9,16,25,29,20,12,-2,-3,6,8,-1,-14,-25,-28,-16,0,25,29,17,0,-28,-29,-14
X20.V1.891,-11,-12,13,32,23,25,31,-4,-43,-55,-62,-78,-71,-61,-81,-98,-71,-52,-54,-31,11,18,17,25,11,-41,-48,-26,-15,-4,21,17,-8,19,41,3,-45,-64,-78,-94,-67,-45,-42,-18,33,43,15,5,7,-18,-19,30,41,40,55,50,25,4,-3,-45,-62,-51,-61,-79,-79,-50,-42,-39,-13,-23,-69,-80,-60,-63,-63,-31,-7,-5,25,60,56,31,19,-13,-69,-83,-76,-87,-92,-55,-6,31,92,110,52,-11,-26,-48,-72,-46,-24,-28,-24,6,6,-20,-24,-25,-31,-32,-20,-37,-58,-50,-34,-38,-31,-7,-19,-19,12,16,-22,-27,23,67,109,151,143,76,32,26,-17,-59,-43,-21,-30,-19,-6,-36,-51,-33,-17,-23,10,54,51,22,23,23,4,7,-3,-33,-53,-39,-28,-45,-31,-3,13,19,41,40,20,29,24,-8,-22,-5,-11,-30,-14,-11,-38,-35,-5,-1
X7.V1.211,6,3,6,8,2,-6,-22,-22,-25,-31,-29,-11,-5,-17,-37,-62,-74,-63,-47,-28,-10,10,24,32,37,44,26,7,-7,-17,-28,-29,-27,-15,-12,-11,-16,-21,-20,-16,-21,-24,-31,-30,-40,-48,-60,-72,-73,-61,-52,-43,-36,-27,-18,-10,-4,0,-12,-21,-45,-65,-75,-72,-73,-81,-73,-58,-33,-11,7,23,27,29,12,-19,-47,-64,-75,-71,-56,-38,-34,-49,-63,-75,-65,-39,-17,-6,-9,-21,-52,-83,-100,-105,-93,-73,-43,-30,-16,-11,-12,-26,-35,-39,-34,-18,-7,-7,-8,-15,-13,-14,-11,-12,-23,-49,-77,-110,-140,-144,-126,-90,-62,-29,-20,-15,-12,-6,1,5,6,0,-17,-27,-24,-23,-32,-47,-75,-95,-115,-112,-98,-54,6,45,65,65,61,43,19,-9,-35,-57,-65,-68,-69,-71,-60,-49,-45,-42,-39,-37,-18,12,47,79,91,88,69,61,55,40,9,-25
X6.V1.461,31,18,25,38,42,34,20,12,-2,-18,-32,-18,12,37,57,73,78,80,90,94,112,113,109,83,61,57,54,44,38,45,54,79,106,127,119,90,49,6,-7,0,28,44,49,40,27,34,69,89,98,83,72,67,68,79,83,80,78,65,49,44,40,44,48,67,86,107,118,120,111,107,105,92,60,16,-5,-15,-14,-2,7,7,16,39,44,53,52,52,54,57,55,37,31,38,75,99,113,116,98,77,54,31,13,12,16,8,-3,-27,-28,-9,18,54,82,104,127,122,95,51,10,-10,0,29,55,69,96,94,76,36,25,31,53,76,81,85,78,87,86,73,64,47,38,35,54,72,102,144,161,160,123,82,51,33,31,29,48,53,68,59,54,48,42,34,33,48,67,69,62,41,40,63,95,101,92,83,76,64,57,49,39,43
X12.V1.210,25,4,0,2,11,19,26,43,70,96,115,108,85,38,-6,-31,-38,-43,-44,-44,-49,-53,-64,-82,-89,-75,-43,-17,11,24,35,38,41,51,45,35,27,11,-10,-24,-36,-48,-43,-33,-12,-6,-5,-6,1,15,31,40,36,25,3,-20,-33,-33,-14,22,84,129,153,143,117,76,33,-10,-61,-118,-163,-173,-153,-103,-34,20,58,70,63,31,-18,-62,-105,-127,-126,-94,-53,-3,43,76,87,73,44,8,-21,-37,-45,-43,-34,-20,-15,0,24,48,53,42,5,-39,-75,-95,-101,-109,-103,-92,-72,-39,-16,-7,-18,-18,-30,-55,-85,-93,-86,-46,3,45,64,62,47,22,8,3,7,14,7,-8,-40,-69,-83,-85,-69,-39,-1,17,22,11,5,-12,-20,-18,-31,-49,-59,-67,-70,-70,-65,-67,-60,-44,-22,-9,-3,-12,-29,-37,-46,-49,-39,1,52,97,129,142,128,74
X15.V11,-28,-23,-8,23,58,89,84,74,52,33,17,5,-10,-21,-13,-22,-33,-25,7,44,59,67,47,29,11,16,6,-15,-28,-44,-41,-34,-8,8,24,40,45,48,56,47,28,18,24,25,28,22,21,19,7,20,16,-4,-19,-34,-22,-10,2,8,19,41,45,28,17,-3,-11,-16,-36,-45,-60,-66,-62,-64,-55,-40,-29,-35,-36,-37,-39,-47,-42,-45,-40,-30,13,46,67,63,38,12,-2,-7,-4,-1,6,12,26,43,99,136,167,156,108,45,-22,-45,-58,-61,-59,-58,-56,-33,2,36,75,92,87,72,48,19,-25,-58,-67,-62,-47,-9,30,41,44,37,40,46,47,37,9,-17,-42,-51,-53,-33,-10,30,60,91,94,90,73,52,-1,-43,-94,-117,-100,-61,-10,34,55,81,76,60,31,-1,-32,-57,-72,-85,-86,-60,-34,-18,-5,19,37,59,70,60,37,0
X17.V1.221,-10,-5,-5,-6,-19,-20,-34,-38,-34,-10,27,65,105,118,113,98,79,54,32,19,9,-2,-19,-19,-18,-9,4,13,18,21,39,45,49,33,-3,-38,-52,-40,-26,-8,4,7,0,-6,-7,-8,-4,-3,-13,-32,-42,-48,-48,-30,-3,22,31,29,13,-11,-32,-38,-30,-12,15,18,3,-25,-51,-55,-44,-5,35,61,68,62,45,32,31,26,23,17,16,9,-1,-22,-53,-74,-64,-20,31,81,107,104,81,50,30,10,-4,-4,-5,-10,-19,-24,-38,-38,-37,-40,-47,-41,-25,-9,4,17,18,0,-17,-36,-44,-30,0,33,46,47,32,3,-23,-44,-51,-52,-35,-28,-29,-37,-39,-36,-29,-5,21,46,59,58,31,-14,-46,-73,-85,-78,-59,-43,-31,-25,-32,-47,-59,-58,-47,-13,29,66,71,38,-12,-77,-117,-124,-106,-72,-39,-17,-23,-37,-49,-48,-38,-20,-3,-7
X10.V1.391,-55,-40,-20,-25,-31,-50,-64,-66,-55,-38,-15,17,57,86,107,115,111,84,38,-35,-107,-146,-147,-131,-108,-71,-29,20,66,105,125,125,103,53,-14,-80,-121,-151,-160,-148,-125,-89,-38,21,60,96,117,123,111,80,35,-23,-63,-80,-73,-61,-42,-23,-16,-2,24,43,42,32,-1,-37,-67,-73,-69,-60,-40,-16,12,45,79,101,102,96,75,39,-1,-23,-29,-23,-2,11,12,11,18,27,40,58,59,44,15,-9,-35,-38,-20,-5,3,7,15,21,40,56,64,64,42,8,-40,-77,-96,-101,-108,-99,-66,-34,3,22,27,33,58,100,118,105,63,14,-22,-31,-26,-21,-8,15,43,73,117,146,150,120,75,27,-19,-51,-80,-99,-90,-58,-12,39,103,150,177,174,147,85,6,-66,-120,-144,-143,-127,-101,-65,-16,29,76,131,178,186,152,89,20,-31,-65,-70,-83,-84
X19.V1.891,38,36,34,56,70,57,43,35,13,4,23,33,13,15,17,-16,-48,-34,-31,-50,-30,-5,-9,-16,5,8,8,30,44,17,-4,25,37,18,35,34,-5,-31,-10,-6,-24,-18,-16,-36,-41,-6,5,-6,7,4,-19,-25,-12,-26,-27,16,61,72,70,61,10,-23,3,38,38,30,36,9,1,27,30,-3,-26,-30,-45,-45,-9,18,15,39,63,54,32,23,-8,-44,-17,13,8,-2,15,-4,-48,-49,-51,-86,-97,-64,-49,-55,-31,6,11,8,14,-2,-7,2,-17,-68,-87,-59,-40,-4,43,55,5,-22,-3,-5,9,54,80,56,27,14,-29,-55,-32,1,-5,-11,-23,-65,-86,-50,-14,-21,-16,-30,-80,-98,-57,-29,-24,6,15,-15,-43,-38,-43,-57,-21,7,2,-9,4,-14,-54,-42,-11,-1,-1,3,-24,-70,-85,-81,-76,-47,6,20,-1,-5,-18,-52,-60,-17
X3.V1.921,88,129,174,200,200,168,123,76,46,25,-6,-23,-16,14,61,110,124,115,100,89,85,58,31,8,-6,-23,-48,-83,-122,-132,-111,-50,22,78,107,96,73,26,-27,-59,-53,-20,11,32,36,38,54,78,92,86,67,23,-29,-69,-86,-100,-93,-74,-29,14,56,89,102,103,79,43,-7,-47,-53,-61,-60,-71,-84,-89,-72,-40,-14,9,29,34,15,1,-12,-29,-46,-70,-88,-93,-70,-38,-8,16,45,74,90,99,83,61,42,25,11,-17,-32,-38,-10,31,73,91,82,67,42,9,-24,-41,-47,-35,-3,29,53,51,34,9,15,34,58,59,39,18,0,-1,20,45,70,85,89,73,67,84,106,116,111,92,55,24,5,2,5,17,34,45,49,55,56,59,70,78,72,52,32,11,12,38,56,70,70,72,75,69,73,76,92,100,91,41,-19,-60,-74,-70
X22.V1.610,-115,-110,-111,-114,-126,-132,-126,-120,-102,-68,-49,-52,-68,-67,-64,-54,-64,-99,-148,-191,-206,-214,-206,-192,-183,-175,-162,-156,-149,-154,-155,-149,-147,-131,-131,-137,-138,-123,-102,-92,-69,-72,-68,-70,-55,-31,-24,1,8,20,17,15,-5,-38,-80,-123,-135,-116,-60,-1,46,79,101,104,108,98,71,37,-4,-34,-64,-81,-71,-62,-34,-31,-24,-18,9,40,49,51,39,28,21,1,-22,-61,-86,-94,-89,-78,-58,-43,-32,-26,-19,-12,-18,-11,3,20,30,24,1,-28,-24,-16,14,50,100,138,155,155,128,95,65,53,33,11,4,3,0,5,18,40,56,79,83,82,72,65,48,37,30,31,45,65,91,98,105,95,76,55,41,26,26,33,55,78,85,97,92,86,70,61,45,21,-7,-35,-59,-75,-67,-47,-34,-17,-14,-3,8,25,32,20,-5,-57,-99,-132,-119,-103
X15.V1.351,-74,-107,-112,-95,-54,0,38,51,32,15,-6,-18,-23,-27,-35,-45,-36,-28,-20,-10,7,15,14,5,-15,-29,-34,-15,-1,8,5,-12,-26,-34,-26,-16,-5,-7,-10,-4,9,27,24,12,4,-9,-19,-36,-48,-61,-61,-56,-50,-42,-27,-7,0,9,12,6,-10,-22,-36,-50,-48,-37,-27,-22,-12,-9,-7,-8,-12,-22,-38,-42,-45,-48,-47,-36,-18,-5,15,21,25,28,29,28,22,20,8,2,-1,9,13,22,29,37,43,50,57,57,55,46,27,0,-28,-31,-24,-4,12,16,2,-3,8,19,38,49,41,17,-15,-34,-46,-40,-34,-26,-15,18,53,85,99,91,60,10,-34,-77,-102,-111,-99,-74,-42,4,37,58,62,53,24,-15,-44,-63,-68,-71,-66,-62,-46,-11,17,39,50,61,65,64,55,32,-3,-37,-52,-56,-41,-25,-16,-14,-5,21,35,44,38,19
X14.V1.571,-104,-121,-106,-67,-49,-51,-76,-96,-122,-128,-128,-125,-98,-48,-29,-47,-50,-60,-76,-84,-103,-127,-149,-138,-137,-128,-106,-91,-91,-90,-68,-52,-34,-25,-26,-72,-118,-117,-106,-90,-73,-45,-42,-49,-53,-70,-113,-144,-144,-156,-134,-88,-61,-38,-22,-36,-59,-68,-61,-73,-100,-119,-138,-151,-147,-131,-99,-73,-34,-26,-59,-105,-145,-182,-197,-183,-139,-102,-56,-26,-17,-29,-28,-45,-78,-119,-147,-151,-136,-88,-73,-92,-115,-122,-123,-127,-115,-122,-126,-109,-67,-58,-69,-35,-9,-22,-47,-76,-140,-175,-163,-153,-117,-56,-14,-28,-72,-95,-99,-94,-78,-61,-69,-53,-28,-24,-32,-17,-13,-34,-58,-82,-83,-65,-46,-69,-113,-130,-126,-117,-113,-95,-91,-104,-94,-59,-48,-58,-51,-26,-23,-26,-29,-47,-70,-72,-91,-114,-121,-104,-99,-107,-105,-112,-121,-118,-107,-93,-74,-33,0,8,2,-2,-11,-3,11,-16
X5.V1.331,56,18,3,-11,-15,-29,-41,-54,-50,-17,8,17,6,-16,-36,-44,-25,-1,17,27,23,-10,-47,-71,-61,-34,-6,13,7,8,29,45,46,31,16,2,6,15,20,11,-1,-18,-27,-11,21,45,55,58,70,54,32,2,-30,-60,-76,-83,-81,-71,-50,-34,-23,-6,-8,-11,-13,-12,-12,-17,-8,-1,1,4,12,24,27,22,14,21,51,80,86,58,19,-24,-52,-59,-45,-43,-55,-68,-88,-94,-75,-34,4,22,19,-5,-33,-47,-44,-51,-55,-61,-68,-74,-80,-79,-77,-67,-57,-43,-32,-11,6,-6,-27,-54,-74,-90,-99,-107,-123,-123,-120,-121,-131,-129,-121,-100,-84,-71,-72,-78,-72,-79,-96,-121,-130,-118,-74,-17,16,16,-5,-25,-45,-40,-18,11,38,61,73,58,37,35,44,59,58,50,27,17,11,-11,-51,-89,-103,-113,-109,-96,-67,-37,-33,-41,-63,-52,-7,51
X4.V1.871,-72,-87,-89,-83,-35,6,19,16,6,-12,-8,-27,-80,-86,-112,-124,-140,-132,-88,-74,-23,-6,-37,-43,-59,-63,-41,-20,-11,0,34,62,48,15,7,12,-2,21,80,107,109,68,49,30,-4,-27,-62,-52,-8,-13,-24,-4,-3,-26,-52,-61,-47,-61,-35,-10,5,-3,53,116,119,76,-9,-94,-140,-152,-144,-124,-120,-101,-9,85,169,216,215,184,126,38,-27,-85,-78,-39,6,72,148,203,216,193,111,101,91,50,46,60,58,11,-14,-10,-28,-28,-16,-42,-56,-15,12,-9,-11,9,1,-18,-15,-11,-22,-53,-51,-56,-77,-99,-107,-103,-73,-33,-4,-11,-12,-25,-34,-9,23,17,7,15,10,22,44,55,47,27,59,71,26,-34,-61,-77,-69,-62,-70,-54,-15,-2,2,9,-3,-24,-30,-30,-51,-49,-35,-7,3,-18,-7,6,-49,-86,-92,-89,-81,-47,16,40,61,72
X23.V1.351,63,16,-19,-41,-49,-40,-30,-9,11,31,47,53,64,64,66,56,31,7,-18,-11,0,16,18,13,9,16,34,42,47,38,14,-10,-21,-17,-19,-10,1,19,18,7,-19,-44,-50,-36,-11,-4,-2,-17,-43,-58,-68,-67,-59,-44,-36,-36,-32,-27,-18,-18,-9,-17,-30,-47,-54,-52,-45,-31,-33,-43,-56,-54,-50,-29,-12,-15,-30,-34,-9,15,28,17,-11,-35,-35,-12,-1,-4,-19,-40,-56,-62,-53,-43,-27,-4,11,20,18,14,10,23,40,49,46,43,46,48,38,24,11,5,19,28,26,15,3,-6,-16,-19,-28,-47,-67,-86,-94,-87,-53,-26,-7,1,14,12,15,17,8,-2,-11,-10,-12,-20,-38,-59,-73,-67,-38,-17,12,38,57,59,42,25,7,11,23,25,4,-33,-56,-63,-44,-21,-10,-7,-8,-5,-19,-25,-26,-20,-20,-21,-29,-42,-55,-60,-58,-54
X15.V1.791,99,69,17,-26,-53,-82,-109,-113,-74,-23,9,-7,16,-6,-51,-49,-49,-33,4,81,90,72,40,45,46,35,35,45,50,56,48,23,12,13,-22,-27,-66,-97,-109,-107,-93,-83,-51,-17,-15,-27,-31,-20,-27,-4,44,63,51,5,-13,-31,-41,-43,-34,24,70,74,51,19,-33,-96,-118,-102,-96,-95,-58,-27,33,72,72,39,-14,-21,4,-6,-43,-69,-59,-3,33,63,67,54,38,20,9,26,21,20,-8,-31,-50,-78,-96,-103,-108,-91,-68,-65,-79,-88,-115,-150,-157,-115,-98,-80,-28,22,30,47,50,14,-20,-20,-54,-90,-80,-60,-28,0,28,52,47,25,8,-32,-32,-23,-23,-6,23,63,73,67,90,79,65,19,-8,-20,-22,-11,9,18,18,6,42,63,73,39,-2,-35,-41,-61,-59,-61,-37,-33,-48,-35,-19,-16,-30,-56,-87,-100,-94,-85,-48,-15,-6,-1
X1.V1.891,-51,-33,-6,6,36,63,71,68,45,-4,-4,-55,-53,-41,-54,-58,-29,-1,-3,0,-3,-39,-53,-31,-24,-10,31,54,27,-11,-21,-52,-63,-35,-10,-3,24,70,70,50,53,43,25,26,45,28,16,22,21,-1,9,52,61,57,53,23,-34,-50,-31,-40,-45,-18,-12,-28,-21,0,-1,22,87,127,121,117,91,27,-21,-42,-37,-29,31,97,101,95,78,32,-27,-49,-52,-53,-24,36,56,34,27,18,-10,-25,-22,-18,-2,35,56,35,16,7,-40,-77,-67,-35,-19,14,72,86,75,59,26,-39,-62,-51,-56,-42,8,23,-16,-55,-72,-108,-129,-92,-45,-26,15,41,6,-38,-49,-62,-88,-75,-38,-17,6,41,39,1,-11,-11,-25,-29,-11,-25,-50,-27,-3,-5,-1,26,33,32,53,61,42,20,9,-26,-57,-43,-16,-32,-14,47,77,93,122,125,78,55,68,56
X21.V1.401,-100,-111,-116,-106,-96,-77,-57,-36,-10,18,34,28,10,-20,-60,-111,-126,-103,-58,-24,-6,-5,-7,2,7,18,35,61,83,90,86,62,22,-8,-19,-27,-9,16,46,70,78,97,94,65,34,-8,-40,-55,-65,-81,-88,-77,-57,-19,-1,17,17,36,53,65,51,24,-7,-39,-64,-72,-64,-41,-4,38,56,65,60,64,70,87,91,56,-4,-69,-118,-133,-116,-72,-21,24,69,104,124,133,110,52,-16,-61,-82,-88,-67,-53,-29,2,59,129,175,191,158,91,30,-14,-55,-90,-129,-151,-155,-125,-55,29,118,171,163,111,33,-20,-79,-127,-158,-182,-185,-170,-131,-89,-27,25,58,60,59,47,6,-61,-134,-198,-228,-217,-180,-128,-67,7,80,136,158,140,94,28,-42,-102,-149,-168,-179,-164,-106,-26,55,100,126,144,164,179,177,150,98,40,-28,-94,-150,-162,-153,-116,-65,-19
X9.V1.651,-36,-27,-43,-46,-30,-39,-16,-4,-25,-42,-57,-50,-23,-29,-20,-12,-19,-14,-39,-92,-109,-93,-53,-11,27,31,17,23,19,-3,-24,-18,8,-18,-1,7,2,-17,-1,15,28,5,20,57,-11,-53,-23,-21,-74,-81,-39,-69,-94,-79,-58,-73,-55,3,23,48,58,75,85,75,49,20,5,-13,-18,-20,-13,-44,-66,-50,-5,15,18,54,68,62,56,64,51,18,-35,-35,-15,29,25,15,5,13,39,44,60,86,117,118,106,103,97,123,165,109,73,53,49,63,97,116,130,99,43,-15,-61,-11,27,-20,-70,-62,-24,-10,5,8,16,14,-9,-41,-56,-37,-21,-27,-35,-42,-44,-20,50,46,-11,-47,-48,-46,-35,1,-34,-45,14,43,20,6,-4,14,25,47,58,59,74,120,129,90,28,13,-9,-3,46,101,134,151,130,83,106,99,71,58,51,31,9,5
X3.V1.731,-124,-133,-124,-114,-72,-16,-12,-38,-55,-59,-83,-98,-72,-53,-47,-32,0,4,-3,-6,-47,-104,-139,-146,-131,-83,-37,-19,-17,-10,-10,-44,-86,-130,-163,-170,-139,-105,-71,-31,7,7,-18,-6,5,-1,-25,-78,-150,-203,-191,-147,-97,-40,2,30,17,12,-4,-36,-62,-88,-115,-136,-125,-99,-85,-77,-65,-86,-121,-137,-153,-149,-106,-59,-59,-60,-63,-90,-114,-123,-112,-106,-102,-88,-91,-126,-154,-178,-204,-208,-182,-177,-174,-158,-150,-155,-138,-90,-68,-66,-58,-56,-67,-71,-52,-51,-66,-50,-15,1,2,-22,-51,-80,-85,-89,-99,-75,-62,-69,-76,-74,-71,-55,-23,-1,-7,-22,-37,-62,-71,-56,-41,-46,-54,-49,-47,-51,-74,-88,-104,-89,-73,-83,-116,-141,-168,-203,-222,-232,-240,-218,-150,-58,-16,4,3,-30,-68,-88,-111,-141,-165,-167,-165,-156,-118,-82,-69,-40,-20,-13,-4,15,0,-45
X19.V1.581,44,25,1,-13,-23,-29,-19,-12,-17,-16,0,-1,-9,-4,-12,-33,-43,-33,-29,-35,-14,-5,-24,-21,23,56,65,65,63,61,60,71,59,34,13,-1,-2,7,27,28,33,49,72,62,46,21,-11,-38,-32,-36,-52,-42,-18,4,36,52,52,42,48,44,16,-7,-9,-12,-36,-33,-22,-24,-38,-39,-43,-51,-38,-7,-4,-13,3,2,-26,-50,-73,-85,-93,-92,-106,-105,-78,-51,-38,-25,2,16,9,-7,-18,-23,-15,4,5,4,-1,8,31,47,65,52,26,6,-15,-39,-41,-32,-49,-54,-39,-22,-32,-30,-33,-64,-70,-60,-37,-11,12,11,-20,-53,-61,-63,-53,-5,39,56,50,54,58,43,49,58,46,20,11,-5,-16,-3,7,18,23,24,3,-17,-22,-17,-21,-27,-8,-4,1,17,38,40,45,46,37,21,23,21,10,12,29,22,21,32,32,18,19,21
X9.V1.331,-63,-83,-85,-66,-29,-1,16,9,1,14,23,15,-23,-76,-129,-152,-143,-116,-92,-69,-52,-46,-43,-41,-47,-60,-66,-69,-94,-113,-117,-107,-89,-70,-57,-48,-30,-7,14,32,51,61,57,48,32,3,-44,-84,-107,-115,-106,-86,-55,-20,29,55,60,53,41,31,11,7,-18,-40,-53,-32,8,58,92,90,61,22,-6,-30,-42,-37,-43,-65,-99,-112,-111,-82,-49,-28,-18,-11,10,22,30,12,-22,-59,-86,-77,-59,-20,23,55,74,86,82,57,31,7,-20,-42,-54,-64,-73,-75,-55,-23,-7,-3,-15,-28,-19,18,59,92,104,73,18,-29,-55,-63,-72,-87,-123,-166,-190,-165,-104,-32,26,33,4,-23,-38,-40,-29,-17,-24,-45,-74,-84,-78,-34,25,77,89,67,34,-5,-20,-17,-10,-19,-36,-57,-71,-69,-47,-16,2,22,26,4,-14,-31,-51,-68,-64,-60,-50,-45,-44,-40
X21.V1.891,-1,37,48,12,-11,-3,-25,-40,-19,-5,-10,-1,26,9,-22,-28,-21,-32,-16,7,-17,-32,-17,-1,-19,-36,-33,-47,-56,-29,-14,-45,-62,-76,-102,-101,-53,-5,-4,-2,-16,-54,-70,-30,0,7,25,12,-30,-60,-63,-70,-66,-12,32,19,-5,-7,-21,-43,-27,9,26,50,65,26,-29,-47,-50,-75,-63,-13,14,21,26,2,-54,-69,-24,-2,20,43,21,-39,-72,-72,-75,-53,19,82,95,95,94,42,2,3,5,-17,0,21,5,-8,2,-5,-49,-44,-23,-36,-48,-53,-79,-107,-84,-47,-13,30,94,102,50,25,7,-32,-39,9,39,45,58,50,-3,-50,-32,-29,-46,-44,-42,-55,-38,4,10,22,52,60,22,-5,-12,-46,-60,-17,24,17,15,12,-26,-37,-3,34,33,40,34,-13,-48,-54,-72,-108,-92,-41,-8,31,66,51,-1,-25,-32,-41,-30,5,14,6
X7.V1.421,2,9,10,0,-3,2,-1,-3,-12,-19,-22,-4,20,33,36,31,25,18,24,39,52,57,43,18,-8,-9,-6,-2,-5,-1,-3,0,9,21,30,32,34,25,8,3,-8,-24,-35,-29,-18,-6,12,23,38,54,57,38,9,-11,-34,-51,-66,-72,-80,-75,-53,-24,9,42,67,67,58,43,31,22,24,36,39,41,37,21,3,-6,-7,2,10,14,6,-20,-39,-47,-43,-30,-21,-22,-33,-37,-37,-32,-20,2,19,20,18,9,-6,-8,0,7,9,9,-3,-28,-40,-29,-9,14,41,58,61,51,44,30,22,23,21,12,-10,-30,-45,-40,-17,12,49,81,103,90,57,19,-13,-38,-41,-23,0,25,43,41,12,-28,-53,-59,-33,7,32,42,36,19,-4,-18,-24,-23,-13,7,28,46,54,55,40,8,-12,-33,-54,-69,-65,-50,-35,-17,-18,-26,-33,-21,1,29
X19.V1.631,-28,-76,-108,-107,-95,-93,-48,47,127,190,220,194,118,0,-101,-160,-194,-205,-197,-185,-174,-111,-48,10,66,94,100,80,22,-61,-127,-155,-159,-162,-155,-146,-128,-97,-45,56,132,143,92,0,-106,-176,-215,-228,-215,-181,-123,-46,55,116,79,9,-57,-115,-155,-163,-142,-136,-139,-110,-98,-71,-19,38,62,64,50,-8,-45,-77,-135,-204,-251,-253,-196,-120,-31,27,38,30,-3,-35,-90,-132,-145,-118,-91,-74,-48,-27,-24,-40,-54,-85,-115,-153,-194,-171,-146,-93,-24,71,121,121,109,62,1,-41,-59,-68,-42,-5,4,36,60,93,65,3,-58,-107,-127,-136,-125,-105,-53,19,82,94,58,-1,-59,-105,-145,-152,-143,-114,-79,-54,1,43,60,80,92,80,43,1,-17,-22,-24,-13,-15,-26,-22,-24,-28,-18,19,27,3,-10,-17,-39,-77,-122,-165,-180,-159,-130,-64,-26,-15,-5,-5,-21
X1.V1.321,-77,-75,-52,-43,-36,-40,-46,-48,-26,-5,9,12,13,24,44,83,97,85,44,5,-8,6,44,57,34,1,-19,-31,-32,-22,-19,-25,-36,-35,-27,4,50,71,64,29,-5,-26,-16,6,21,4,-37,-71,-85,-65,-29,-2,-1,1,23,40,55,55,34,4,-35,-60,-79,-81,-76,-73,-72,-53,-36,-26,-18,-9,9,13,5,-34,-81,-118,-119,-97,-75,-44,-32,-23,-16,-14,-12,-3,18,29,19,2,-11,-20,-23,-32,-52,-79,-95,-85,-49,3,49,53,16,-41,-84,-100,-85,-66,-70,-95,-117,-103,-56,20,89,110,75,29,5,4,4,11,12,-18,-72,-113,-120,-85,-26,24,31,1,-29,-38,-35,-17,-1,-5,-35,-55,-53,-32,-8,-1,-14,-35,-30,-23,-6,5,7,-16,-60,-82,-77,-45,-4,26,25,-1,-9,1,39,85,123,121,91,43,5,-15,-22,-26,-50,-69,-71,-56
X13.V1.391,77,91,82,50,7,-27,-57,-73,-84,-94,-105,-108,-81,-41,1,35,58,60,40,12,-23,-59,-86,-93,-99,-101,-99,-102,-97,-83,-59,-49,-35,-22,-23,-40,-64,-77,-90,-81,-52,-15,19,40,50,29,-1,-36,-71,-101,-108,-99,-96,-82,-56,-18,21,63,87,82,67,44,3,-52,-95,-117,-115,-90,-58,-20,11,45,58,59,58,61,57,37,15,-20,-55,-86,-94,-82,-45,13,64,89,92,83,59,32,15,-1,-23,-42,-58,-67,-54,-21,15,38,51,64,72,95,111,102,63,8,-35,-67,-67,-41,-6,19,30,31,9,3,2,7,8,-3,-37,-82,-103,-82,-37,-1,26,31,28,28,29,18,-4,-17,-28,-37,-36,-27,-5,30,82,117,113,80,36,-1,-19,-28,-51,-83,-116,-127,-121,-100,-64,-28,-8,-7,-10,-27,-29,-20,-19,-24,-42,-55,-85,-100,-88,-44,14,69,104,101
X2.V1.531,37,32,25,23,27,33,35,42,50,58,64,68,69,67,62,44,22,3,11,9,21,35,50,48,38,35,29,39,48,51,44,36,30,16,6,-1,-9,-18,-22,-29,-36,-31,-19,-9,-11,-10,-14,-22,-19,-1,23,42,54,44,17,-17,-45,-63,-64,-49,-31,-18,2,27,42,51,63,57,39,10,-18,-49,-65,-66,-59,-45,-30,-20,-25,-38,-45,-54,-56,-47,-28,-21,-16,-14,-20,-33,-44,-42,-35,-12,25,56,73,69,53,30,25,39,59,64,58,41,15,1,-4,-8,-3,23,57,86,102,94,75,52,38,15,-11,-38,-51,-64,-72,-64,-56,-35,-5,40,86,120,156,157,136,97,72,53,33,5,-27,-52,-55,-33,-14,12,33,46,49,51,67,82,110,125,112,68,15,-27,-67,-90,-97,-94,-86,-71,-43,-11,23,46,58,50,39,19,-9,-41,-82,-127,-158,-159
X21.V1.301,-21,-39,-56,-56,-48,-35,-17,10,22,28,36,36,37,33,35,22,22,21,16,-9,-32,-46,-66,-80,-92,-101,-94,-66,-22,4,35,53,58,35,3,-19,-37,-39,-44,-64,-85,-85,-60,-28,9,44,70,77,69,44,12,-12,-11,-11,-13,-13,-24,-34,-35,-20,-7,3,16,18,11,5,9,5,-6,-19,-43,-63,-70,-57,-48,-38,-36,-40,-46,-36,-25,-39,-58,-77,-90,-93,-87,-75,-69,-55,-24,2,19,33,35,20,1,-23,-41,-51,-42,-31,-30,-24,-16,-4,0,10,23,15,7,3,2,3,12,15,7,-1,3,12,25,43,46,27,8,7,19,36,60,68,56,36,22,0,-3,4,9,1,-16,-18,-14,-5,8,6,9,15,37,37,46,53,50,35,22,14,9,2,3,7,7,16,27,20,17,7,0,-13,-21,-21,-28,-23,-17,-19,-18,-6,7,9,11,-1
X11.V1.871,-103,-56,-36,-27,-39,-57,-61,-62,-59,-66,-66,-56,-48,-33,23,72,85,78,73,44,16,11,3,-10,16,62,90,78,53,-7,-69,-112,-139,-145,-123,-99,-46,17,21,17,9,0,3,-4,-36,-64,-87,-109,-106,-82,-49,18,108,166,175,154,108,43,-13,-73,-87,-94,-74,-50,-25,-30,26,48,9,-46,-86,-92,-76,-49,-30,-29,-30,-28,-35,-63,-72,-56,-23,12,22,0,-46,-73,-95,-87,-51,-17,21,33,48,41,12,-42,-91,-114,-112,-95,-82,-37,-12,3,-13,-22,-21,-28,-50,-70,-62,-52,-34,0,11,3,8,12,-13,-39,-52,-39,-7,10,10,-19,-34,-35,-43,-78,-90,-102,-118,-77,-16,19,26,47,52,15,-27,-65,-95,-113,-82,-37,32,78,115,121,87,60,15,-4,-12,-35,-32,-27,-32,-15,-19,0,19,19,20,13,-30,-71,-72,-42,-6,19,38,20,5,15
X13.V1.761,9,-3,-29,-48,5,14,40,63,48,43,21,-36,-143,-192,-196,-199,-182,-159,-49,-14,24,82,107,102,92,51,11,7,-6,4,84,101,139,147,119,83,5,-69,-68,-57,-24,-2,49,78,100,108,132,80,9,-11,-48,-48,-24,42,47,96,112,81,122,128,82,-6,-22,-4,-19,-40,-45,-50,-38,-34,-6,-8,1,-8,-25,-45,-83,-132,-150,-143,-110,-22,10,13,39,36,50,37,41,11,2,8,26,21,21,-36,-67,-73,-92,-74,-61,-48,-42,-50,-47,-59,-32,-14,4,41,56,26,34,54,40,19,-34,-35,-59,-96,-99,-93,-54,-4,31,39,21,21,33,35,27,65,99,119,106,128,129,115,102,91,54,10,0,1,14,-7,28,61,75,56,58,55,42,7,-5,-36,-33,-28,-6,27,19,-10,-36,-63,-107,-149,-133,-148,-136,-70,-58,-51,-70,-112,-73,-94,-80,-72
X10.V1.301,-49,-53,-58,-57,-46,-18,11,27,32,31,32,20,13,8,3,-2,5,7,-4,-19,-28,-29,-30,-20,-10,-9,-5,-8,-23,-46,-59,-62,-67,-58,-44,-28,-17,-3,-3,-13,-22,-22,-12,-5,6,-1,-24,-40,-44,-42,-36,-25,-26,-33,-39,-32,-35,-46,-50,-56,-57,-54,-46,-52,-64,-63,-60,-34,5,45,47,20,-19,-58,-84,-95,-93,-90,-70,-40,-24,-34,-57,-65,-63,-36,-2,23,28,29,29,20,14,10,1,-13,-10,-9,-14,-24,-30,-37,-52,-55,-67,-78,-83,-88,-90,-87,-71,-54,-38,-24,-1,13,14,23,21,19,21,22,9,-26,-63,-104,-121,-112,-79,-42,-6,32,44,36,23,9,-11,-19,-11,-3,-8,-20,-29,-49,-50,-34,-4,33,75,109,112,101,76,50,23,9,0,-9,-25,-41,-43,-34,1,42,68,91,98,85,39,-1,-43,-82,-108,-118,-107,-76,-29,-2
X12.V1.351,-52,-74,-62,-43,-16,2,5,10,12,11,-13,-35,-39,-20,6,19,21,9,9,18,19,2,-9,-7,6,23,31,28,16,19,16,13,1,-11,-11,-8,8,1,-20,-45,-47,-39,-31,-26,-29,-26,-11,7,2,-18,-28,-34,-36,-49,-67,-85,-78,-51,-24,-14,-20,-20,-19,-1,23,44,51,46,28,-2,-29,-44,-54,-63,-60,-34,0,37,75,107,134,149,141,105,65,37,21,13,17,23,20,27,39,57,62,84,95,100,98,90,70,45,29,22,24,32,40,47,47,47,49,55,64,72,52,17,-19,-50,-61,-48,-16,4,13,17,22,35,51,58,30,-10,-44,-66,-77,-84,-89,-103,-97,-73,-37,0,21,34,31,38,41,41,27,4,-21,-45,-48,-33,-13,-15,-28,-53,-70,-68,-44,-17,-10,-12,-37,-73,-99,-96,-70,-29,11,27,20,3,-15,-45,-88,-122,-149,-150
X4.V1.811,-81,-74,-40,31,99,107,101,76,15,-41,-51,-48,-48,-29,0,-29,-48,-39,-32,-17,24,87,110,112,126,115,66,22,-18,-58,-54,9,92,124,137,88,8,-54,-65,-57,-48,1,19,1,21,69,71,26,0,-27,-59,-63,-48,-46,-55,-34,-27,-33,-29,-4,-2,-3,15,4,-28,-40,-21,-11,-4,28,46,14,-13,-25,-56,-60,-18,34,61,93,118,85,48,33,22,7,17,37,29,17,12,-6,-26,-17,-7,-9,8,38,47,26,32,34,-1,-21,-25,-47,-79,-70,-58,-59,-33,26,51,35,49,38,-7,-28,-22,-25,-33,11,54,52,40,34,6,-23,-20,-24,-41,-31,26,69,92,90,31,-71,-141,-126,-109,-75,-22,16,25,59,98,71,15,-11,-33,-52,-30,4,9,8,26,15,-20,-41,-45,-69,-84,-78,-89,-110,-80,-46,-34,-19,-5,-18,-50,-49,-40,-51,-51,-14
X3.V1.121,-84,-97,-98,-89,-74,-57,-46,-38,-31,-23,0,16,8,-24,-73,-123,-148,-147,-126,-102,-72,-49,-30,-1,30,39,4,-57,-122,-163,-171,-156,-135,-111,-65,-21,24,46,58,64,66,64,27,-45,-124,-175,-191,-172,-132,-95,-57,-5,64,123,168,176,145,81,7,-62,-129,-178,-199,-191,-162,-121,-71,-32,13,57,74,48,-13,-77,-131,-156,-165,-167,-168,-156,-131,-99,-54,-10,25,37,39,28,5,-28,-69,-98,-110,-93,-66,-33,-1,33,59,62,51,14,-27,-55,-57,-52,-61,-75,-103,-116,-108,-76,-38,-1,34,43,22,-20,-55,-79,-86,-86,-91,-103,-104,-87,-68,-35,-4,14,12,-2,-31,-69,-104,-118,-115,-103,-94,-86,-87,-74,-41,-1,23,20,-25,-104,-165,-176,-137,-84,-41,-42,-63,-75,-70,-52,-55,-61,-67,-45,5,59,80,50,2,-67,-130,-167,-166,-134,-83,-38,-18,-21,-31,-29
X11.V1.621,-31,10,31,46,39,24,3,9,30,55,77,92,87,63,57,49,45,50,63,58,41,28,24,41,52,53,53,50,43,15,-11,-24,-12,-4,10,14,3,-8,-10,7,14,16,19,34,55,72,60,4,-56,-97,-100,-86,-47,0,32,76,112,130,110,50,-3,-27,-18,-9,-5,-18,-26,-25,-41,-47,-42,-46,-38,-7,18,15,15,21,-6,-50,-45,-14,-9,-9,-4,-14,-9,5,2,-19,-46,-67,-94,-93,-60,-47,-60,-69,-56,-45,-43,-33,-40,-50,-36,-22,-27,-11,25,82,106,97,62,9,-29,-56,-68,-70,-64,-64,-60,-18,33,57,85,91,47,-16,-28,-12,14,21,26,23,5,-3,4,18,13,9,-19,-34,-22,2,11,8,-7,-31,-27,-32,-45,-29,-2,36,59,39,-15,-58,-73,-43,-7,-10,-16,-31,-29,-35,-43,-43,-55,-53,-53,-58,-46,1,47,69,82,96
X7.V1.471,-46,-54,-77,-100,-109,-100,-78,-57,-40,-18,-7,6,25,25,20,16,-1,-15,-39,-51,-62,-64,-54,-40,-25,-9,7,2,0,-9,-12,-19,-28,-29,-32,-32,-25,-17,-11,-1,13,16,19,22,23,13,-6,-30,-61,-74,-73,-63,-63,-63,-79,-84,-85,-69,-44,-33,-9,-1,5,3,0,-10,-13,1,7,15,14,18,21,22,22,14,6,-3,5,15,25,33,28,14,-9,-35,-61,-69,-44,-14,20,41,50,39,25,3,-19,-50,-77,-94,-104,-91,-63,-43,-29,-10,6,14,17,9,-11,-49,-89,-118,-140,-146,-140,-126,-108,-92,-88,-89,-82,-59,-22,18,77,113,117,78,14,-47,-93,-116,-115,-107,-90,-71,-66,-71,-74,-77,-71,-68,-43,-24,1,22,25,29,29,21,-2,-27,-39,-45,-34,-20,-2,-8,-24,-30,-28,-15,9,32,33,31,21,13,-7,-28,-48,-70,-80,-83,-88,-99
X22.V1.661,46,73,97,94,82,64,24,2,39,43,8,-11,-11,2,20,52,89,65,47,28,-17,-32,-10,-23,-48,-38,-22,-37,-32,6,11,-16,-62,-102,-169,-182,-134,-95,-49,8,48,34,24,-3,-61,-87,-119,-127,-142,-124,-91,-85,-77,-18,39,21,-12,-29,-76,-101,-71,-70,-83,-62,14,74,66,94,76,-8,-66,-124,-190,-207,-158,-111,-68,5,51,49,33,68,84,78,77,102,101,63,16,-77,-187,-212,-189,-166,-133,-83,-70,-51,-26,-27,-91,-139,-154,-169,-153,-99,-53,-21,36,100,132,164,215,236,166,116,66,-14,-93,-86,-92,-92,-69,-52,-52,-40,-1,21,-5,-5,-17,-38,-54,-26,-21,-28,-24,-3,13,58,105,116,79,17,-73,-163,-209,-212,-188,-152,-67,12,31,45,68,49,-24,-106,-182,-255,-218,-101,-32,-21,-2,3,-12,1,4,-19,-38,-14,-4,-15,13,26,11,-11
X3.V1.591,95,36,-17,-46,-64,-46,-22,-35,-53,-43,-32,-42,-44,-36,-48,-52,-47,-14,2,20,-1,-44,-71,-75,-53,-15,26,50,54,60,69,54,24,17,5,0,-34,-41,-54,-65,-51,8,67,108,134,126,115,96,84,64,33,2,-15,10,29,32,20,10,34,69,111,122,103,76,35,28,4,-18,-25,-25,-17,15,60,100,114,112,84,24,-14,-45,-87,-90,-66,-47,-57,-43,-36,-23,-25,-18,-21,-12,-12,-24,-16,15,54,56,41,17,-25,-57,-62,-51,-62,-76,-61,-39,5,56,107,107,92,79,50,12,-22,-39,-63,-66,-63,-43,-7,17,47,46,33,30,54,61,74,76,70,79,91,80,55,33,12,-1,-6,35,61,101,135,143,77,-13,-73,-116,-132,-108,-79,-21,22,43,31,10,-6,-49,-93,-127,-141,-120,-60,4,30,34,45,61,30,9,-1,-7,-16,7,55,87
X18.V1.501,-116,-117,-114,-98,-93,-91,-96,-101,-103,-107,-98,-95,-97,-100,-102,-93,-85,-71,-67,-66,-76,-81,-92,-101,-106,-114,-125,-137,-143,-159,-165,-165,-154,-137,-112,-89,-85,-91,-95,-100,-98,-99,-94,-104,-105,-111,-118,-126,-132,-139,-147,-145,-132,-109,-92,-74,-62,-55,-43,-38,-46,-71,-80,-98,-112,-123,-135,-142,-142,-131,-106,-74,-56,-30,-21,-27,-28,-39,-58,-77,-84,-80,-80,-87,-108,-136,-150,-145,-131,-108,-88,-77,-80,-88,-89,-95,-96,-97,-101,-116,-125,-120,-121,-124,-130,-128,-121,-101,-74,-61,-45,-32,-28,-33,-43,-56,-71,-84,-96,-110,-125,-128,-126,-120,-110,-93,-76,-65,-46,-39,-42,-57,-76,-93,-102,-99,-103,-111,-118,-118,-108,-99,-73,-63,-52,-49,-41,-47,-60,-68,-80,-100,-116,-117,-112,-99,-95,-101,-119,-129,-124,-118,-103,-81,-61,-47,-35,-28,-38,-59,-91,-116,-133,-131,-111,-91,-67,-44
X6.V1.331,89,94,59,-2,-59,-93,-96,-83,-41,-5,13,14,5,-12,-21,-20,-37,-79,-128,-167,-195,-202,-178,-154,-131,-103,-59,-1,55,97,104,74,27,-21,-78,-131,-169,-189,-187,-161,-116,-68,-17,24,42,44,41,29,-7,-52,-97,-136,-163,-168,-145,-102,-35,40,93,119,120,109,75,32,-8,-28,-43,-45,-46,-43,-33,-12,24,59,98,103,71,19,-29,-63,-81,-77,-76,-78,-83,-83,-67,-40,13,58,89,96,79,43,21,16,9,5,6,21,21,14,1,-1,14,52,107,141,151,123,69,7,-35,-59,-79,-82,-67,-46,-22,-1,30,43,50,49,37,30,31,38,35,30,45,68,66,55,20,-7,-20,-35,-53,-77,-77,-60,-28,13,43,40,19,5,-7,-13,-20,-14,9,54,114,153,168,148,108,54,-1,-40,-66,-71,-50,-19,-13,-16,-15,-6,7,14,22,7,-19,-49,-66,-49
X10.V1.38,-38,-40,-22,2,20,31,37,29,35,36,40,50,27,-8,-20,-18,7,25,43,37,32,26,21,16,16,22,10,-10,-20,-23,-22,-11,5,13,25,19,-3,-31,-40,-41,-40,-48,-61,-58,-69,-71,-96,-116,-114,-96,-85,-88,-92,-95,-106,-112,-127,-136,-127,-101,-65,-37,-14,4,14,27,32,23,11,2,0,-3,5,18,38,45,42,51,60,82,102,100,77,47,19,8,12,18,21,24,32,57,70,78,89,98,86,82,68,55,55,61,68,59,57,56,57,52,49,37,32,39,39,36,34,33,31,27,17,3,-19,-34,-39,-22,-5,11,1,-8,-18,-5,-9,3,2,2,-5,-14,-5,-3,-2,9,16,8,9,15,6,-1,3,-8,-14,-24,-22,-16,-2,18,33,34,37,29,15,3,-13,-18,-10,17,35,43,49,53,61,54,48,48,52,50,46,32,19,38
X9.V1.18,22,38,41,37,25,25,28,49,75,88,76,44,23,-4,-15,-23,-41,-57,-72,-70,-70,-60,-44,-24,-5,11,21,19,27,38,51,61,65,55,28,1,-9,-9,-10,-15,-23,-38,-46,-42,-30,-11,11,21,25,18,15,5,-8,-11,-12,-3,12,39,65,84,92,81,67,54,57,53,52,60,60,59,57,58,46,39,33,36,38,34,25,5,-13,-17,-13,-10,-3,3,-8,-19,-25,-19,-19,-13,-9,-12,-13,-6,-1,5,14,13,1,-12,-30,-44,-51,-42,-24,-5,2,3,8,2,9,15,19,25,27,18,3,1,0,4,6,23,31,33,29,17,7,2,4,-1,-6,-4,2,2,-1,4,-1,2,4,5,7,8,10,-5,-10,-7,-3,-6,-8,-10,-19,-26,-34,-36,-46,-52,-54,-58,-42,-16,14,24,31,39,50,57,57,46,28,24,14,6,2,-4,-1,5
X1.V1.92,-19,-1,33,51,49,26,-15,-42,-45,-37,-14,2,28,36,29,28,12,-10,-33,-44,-49,-63,-62,-65,-60,-37,-16,4,-7,-19,-46,-62,-45,-13,13,16,6,-1,-14,-29,-31,-46,-48,-34,-18,-18,-16,-17,-15,1,25,31,11,-37,-85,-102,-93,-66,-26,5,18,29,27,17,4,-3,-11,-31,-46,-56,-45,-16,14,51,52,47,16,-14,-20,-1,10,24,19,14,0,-12,-23,-35,-39,-30,-11,-2,-9,-27,-57,-79,-89,-88,-73,-50,-20,-19,-25,-34,-32,-13,9,40,40,40,33,31,25,17,15,13,13,15,14,-2,-4,1,1,-8,-23,-33,-24,6,33,41,28,-5,-29,-65,-66,-58,-54,-55,-77,-110,-143,-138,-121,-80,-39,-1,10,-4,-17,-16,-14,-19,-21,-43,-47,-45,-45,-48,-61,-55,-41,-13,4,2,-12,-30,-22,-7,11,15,2,-10,-28,-22,-27,-15,-2,14
X6.V1.37,-98,-90,-89,-89,-85,-77,-65,-47,-45,-39,-38,-48,-62,-73,-91,-97,-94,-77,-61,-67,-70,-82,-85,-78,-64,-57,-50,-41,-29,-44,-60,-71,-63,-53,-36,-29,-38,-50,-63,-58,-58,-46,-47,-48,-60,-62,-67,-68,-63,-68,-84,-89,-95,-97,-97,-102,-107,-118,-119,-96,-81,-62,-64,-62,-66,-66,-64,-77,-84,-87,-98,-94,-89,-74,-66,-53,-59,-70,-66,-79,-81,-82,-79,-70,-66,-72,-68,-70,-70,-59,-50,-39,-56,-77,-93,-102,-99,-100,-96,-98,-71,-59,-49,-55,-58,-82,-84,-72,-53,-46,-42,-49,-63,-76,-91,-91,-85,-79,-66,-69,-72,-75,-78,-95,-107,-108,-108,-101,-97,-91,-90,-79,-65,-74,-75,-81,-67,-58,-63,-62,-77,-72,-68,-74,-85,-87,-76,-71,-60,-49,-49,-51,-44,-48,-65,-79,-78,-75,-67,-54,-43,-31,-32,-29,-46,-59,-57,-57,-51,-64,-64,-66,-65,-55,-60,-67,-73,-65
X11.V1.36,14,9,-8,-33,-45,-37,-16,-2,16,25,13,6,-3,-3,-13,-22,-40,-56,-59,-46,-27,-1,29,31,19,-10,-20,-38,-44,-48,-59,-70,-74,-77,-90,-100,-101,-95,-82,-76,-68,-60,-54,-45,-29,-33,-31,-37,-66,-82,-101,-96,-99,-76,-64,-60,-63,-78,-92,-97,-73,-41,-20,-10,-5,-5,-10,-8,-19,-17,-27,-29,-30,-23,-13,-4,-9,-17,-24,-33,-37,-19,-12,-14,-23,-24,-33,-41,-46,-44,-44,-41,-42,-46,-38,-22,-18,-10,-23,-28,-47,-48,-42,-26,-26,-18,-27,-44,-51,-41,-17,-4,14,33,32,34,28,28,38,67,77,75,55,31,10,-1,19,48,74,88,92,87,86,88,67,40,21,19,24,26,28,18,14,-7,7,25,70,109,133,138,112,83,15,-33,-54,-49,-41,-28,-15,10,42,63,58,38,21,22,13,4,-7,-24,-53,-62,-70,-66,-46,-16,8,21
X22.V1.95,-89,-76,-49,-32,-17,-12,-11,-13,-12,-20,-39,-61,-75,-77,-71,-63,-68,-78,-92,-85,-80,-73,-56,-59,-75,-99,-107,-104,-82,-49,-24,-5,-11,-35,-80,-116,-133,-133,-109,-86,-57,-46,-43,-59,-81,-102,-115,-107,-110,-106,-100,-89,-85,-82,-91,-107,-110,-82,-54,-31,-12,-7,-9,-21,-38,-51,-65,-59,-47,-43,-41,-51,-48,-55,-46,-42,-27,-16,-11,-25,-41,-40,-31,-11,-8,-4,-8,-1,14,20,4,-24,-61,-89,-83,-67,-59,-54,-40,-23,-19,-21,-22,-23,-26,-30,-41,-60,-70,-72,-57,-36,-13,5,-4,-39,-84,-119,-139,-122,-99,-73,-51,-41,-23,-21,-4,-5,-24,-62,-90,-104,-108,-94,-85,-83,-89,-99,-117,-132,-122,-97,-58,-32,-21,-47,-99,-141,-165,-163,-150,-124,-110,-93,-70,-48,-29,-22,-27,-55,-76,-100,-111,-115,-109,-86,-68,-47,-33,-19,-15,-19,-28,-46,-58,-67,-71,-75
X2.V1.55,-39,-56,-64,-61,-34,-21,25,61,87,89,57,47,45,67,95,103,86,61,25,-7,-14,-14,-3,-1,7,26,20,37,40,54,69,83,80,49,18,14,13,24,20,33,25,17,9,9,3,-1,10,2,11,19,15,25,17,12,0,-1,28,33,24,6,0,12,44,68,47,45,23,20,25,18,24,-7,-38,-54,-52,-33,-7,31,50,68,71,62,44,25,18,16,4,3,-15,-29,-26,-2,25,59,82,86,77,53,33,7,-3,-10,-20,-7,3,24,29,21,16,18,15,36,48,53,44,43,28,14,-19,-44,-37,5,64,108,110,96,80,70,68,63,46,52,62,80,99,115,123,108,104,101,124,129,135,122,84,49,27,24,20,34,51,71,98,121,128,108,63,32,6,-1,-11,-36,-23,-11,14,12,8,9,16,29,44,49,29,27,23,26,6,-15
X2.V1.32,95,110,109,80,64,93,102,113,107,97,96,90,85,87,94,108,129,152,149,136,102,75,153,151,142,77,45,62,83,92,95,94,81,79,82,103,138,138,101,47,44,62,51,39,1,52,53,64,29,5,20,28,36,39,62,82,110,160,136,109,50,25,49,80,78,57,29,21,41,55,72,104,130,167,140,110,57,35,33,62,106,133,133,69,16,-11,-19,-17,-21,-23,-35,-32,15,27,32,10,-21,-31,-20,-14,33,36,42,29,38,54,85,61,31,47,59,83,57,38,40,45,65,76,66,53,30,-21,-11,15,42,60,30,17,19,21,37,38,30,23,14,-4,25,30,19,0,1,19,4,-9,11,57,66,85,53,87,90,104,85,79,85,98,122,140,142,130,100,90,113,115,131,102,78,59,65,70,51,28,46,36,18,5,4,17
X6.V1.99,-72,-68,-64,-72,-78,-76,-84,-68,-45,-27,-39,-37,-38,-11,9,19,39,45,44,21,-27,-58,-69,-71,-48,-44,-41,-38,-31,-16,-26,-22,-38,-41,-58,-56,-45,-31,-32,-33,-32,-19,25,61,77,83,67,48,3,-27,-55,-71,-52,-42,-29,-43,-41,-33,-4,11,46,55,44,14,-20,-59,-65,-57,-57,-62,-67,-60,-40,-21,8,10,-1,-16,-29,-36,-33,-37,-41,-46,-34,-32,2,17,49,43,57,33,12,-24,-43,-45,-46,-40,-35,-23,-34,-32,-30,-16,1,11,12,-31,-52,-75,-86,-81,-77,-56,-27,0,11,12,9,7,-1,-13,-26,-25,-20,-5,1,-2,-2,12,39,46,50,45,40,25,16,2,-39,-72,-99,-97,-79,-43,2,39,72,98,112,119,93,54,5,-18,-28,-46,-70,-85,-78,-51,10,61,81,94,111,117,110,80,60,16,-7,-28,-24,-31,-4,5,18,42
X1.V1.82,-56,-55,-53,-58,-73,-78,-93,-99,-103,-104,-102,-89,-72,-61,-53,-45,-38,-38,-36,-37,-44,-40,-39,-37,-41,-46,-63,-87,-107,-107,-99,-85,-69,-66,-70,-72,-68,-58,-50,-25,-19,-21,-30,-35,-42,-54,-60,-69,-73,-76,-71,-74,-71,-60,-52,-55,-60,-69,-87,-102,-104,-100,-87,-73,-69,-73,-73,-62,-62,-66,-72,-65,-66,-59,-47,-48,-59,-72,-70,-68,-53,-45,-42,-45,-53,-62,-78,-88,-92,-96,-104,-105,-104,-96,-77,-54,-45,-54,-58,-60,-61,-63,-65,-63,-70,-64,-60,-55,-46,-38,-35,-46,-56,-79,-102,-115,-104,-84,-61,-46,-47,-63,-63,-75,-78,-77,-66,-54,-44,-45,-59,-73,-95,-102,-92,-73,-56,-50,-38,-36,-30,-21,-16,-21,-30,-40,-65,-78,-92,-94,-84,-59,-38,-23,-11,-4,3,0,2,-4,-14,-13,-6,-3,-17,-22,-32,-30,-22,-12,-2,0,4,-3,-8,-13,-6,-13
X1.V1.15,34,34,31,4,-15,-41,-53,-63,-49,-25,-2,11,-1,-35,-53,-54,-52,-48,-45,-38,-53,-62,-80,-70,-44,-26,-13,-12,5,22,12,-15,-54,-73,-86,-89,-78,-53,-11,16,50,64,79,81,55,31,27,24,19,11,0,-2,-15,-2,1,13,-4,-13,-26,-22,-21,-21,-29,-39,-39,-44,-46,-49,-58,-55,-32,-4,12,20,13,1,-18,-32,-34,-39,-47,-53,-54,-41,-31,-26,-41,-56,-38,-26,6,24,27,7,-19,-41,-26,-25,0,27,22,40,26,10,-12,-28,-19,-4,11,18,18,19,11,-6,-34,-44,-43,-27,-18,10,15,-5,-33,-46,-43,-34,-21,-22,1,25,51,78,72,57,26,2,0,33,47,58,48,29,0,-39,-73,-93,-76,-46,-10,21,51,71,80,79,72,60,40,25,20,4,5,8,4,-4,0,8,13,9,2,-9,-22,-29,-32,-29,-21,3,19,38
X18.V1.32,128,124,110,96,78,87,97,89,69,37,34,50,84,96,93,91,87,108,127,152,138,110,73,50,60,91,108,108,78,50,39,57,73,75,57,56,58,48,58,37,60,13,-17,-60,-72,-53,-22,1,17,18,5,-16,-13,20,56,51,35,17,19,39,45,36,10,2,8,20,36,37,26,14,45,63,55,34,41,51,58,58,76,67,53,28,-1,7,10,-2,-23,-49,-50,-48,-39,7,55,64,42,16,5,21,18,33,40,64,48,34,29,48,61,53,47,60,86,80,69,46,26,29,18,6,6,46,78,77,69,47,46,51,51,57,51,68,80,78,71,49,33,59,93,80,59,21,36,50,55,45,38,29,27,25,47,39,39,23,13,28,57,68,78,101,105,105,108,72,64,44,45,57,58,64,66,75,59,52,35,38,66,98,116,105
X14.V1.20,38,37,45,43,42,42,45,39,23,19,9,4,0,-2,-13,-24,-32,-29,-35,-26,-18,-20,-12,-8,-10,-15,-23,-21,-24,-18,-20,-16,-18,-10,0,5,24,30,26,1,-15,-24,-28,-19,-5,6,12,21,24,19,10,6,10,17,32,26,11,6,13,29,24,28,10,5,2,8,15,-1,-5,-17,-31,-38,-45,-39,-28,-2,17,18,16,12,11,14,14,-3,-26,-33,-26,-21,-9,4,11,7,1,11,14,27,38,49,51,44,32,9,-1,-4,0,-1,1,14,17,26,23,10,-7,-24,-38,-55,-54,-33,-3,10,16,5,1,8,16,22,11,6,-11,-28,-37,-32,-19,4,25,39,44,35,33,15,9,6,2,-12,-28,-33,-35,-26,-15,-21,-21,-26,-12,-3,7,14,9,-3,-7,-1,-2,-2,6,16,25,28,23,-3,-20,-40,-40,-41,-21,-2,6,11,14,14
X2.V1.62,42,56,45,28,10,1,12,27,38,35,27,15,6,0,-4,-17,-33,-23,-13,-2,14,34,49,46,45,37,26,14,3,-5,-22,-17,-20,-16,-1,14,27,34,46,45,41,39,46,43,35,41,36,31,26,22,-1,-14,-19,-19,-19,-11,-4,-12,-18,-21,-32,-35,-35,-30,-34,-34,-28,-26,-31,-30,-23,-22,-16,-9,3,0,2,-1,-16,-26,-34,-31,-21,0,12,15,15,24,34,34,45,34,12,-8,-20,-17,-23,-15,-12,-4,6,11,1,-18,-28,-38,-46,-53,-57,-67,-78,-79,-78,-67,-46,-30,-37,-47,-55,-63,-68,-69,-58,-52,-37,-15,5,15,25,27,18,20,20,4,-29,-61,-84,-93,-88,-67,-53,-49,-39,-23,-2,17,30,32,25,29,23,6,-17,-31,-47,-59,-59,-65,-61,-43,-17,6,16,24,22,18,24,36,43,41,36,22,6,-3,-1,-1,0,2
X7.V1.80,-46,-32,-11,18,51,72,93,86,69,45,35,14,-12,-29,-22,-3,22,33,45,55,80,96,108,94,74,46,29,33,37,38,32,28,17,23,46,66,74,61,45,32,37,46,47,44,44,56,61,62,61,54,45,47,41,30,23,20,22,21,27,42,48,53,46,34,15,14,11,1,-6,-8,-6,5,32,53,52,31,10,-2,-4,9,12,2,-3,7,16,25,21,12,2,1,8,3,-1,-6,-12,-9,-8,-7,-14,-12,9,33,49,47,22,-4,-11,16,48,52,44,33,18,18,27,53,75,95,88,73,57,52,46,23,7,-17,-29,-25,-5,17,33,48,60,66,74,78,67,48,39,38,28,7,-6,-16,-14,-1,4,14,32,50,52,47,37,22,7,-4,-3,-19,-27,-39,-44,-49,-43,-14,0,-1,1,7,30,52,63,53,45,43,49,38,32,14
X2.V1.45,-15,-7,-5,-4,-27,-53,-58,-63,-68,-62,-56,-54,-31,-18,-4,-3,-30,-45,-68,-72,-72,-74,-87,-93,-89,-73,-64,-48,-41,-41,-31,-23,-10,0,-3,-8,-3,-3,19,35,47,40,3,-60,-82,-86,-54,-34,-5,7,21,27,34,45,50,55,41,14,-1,-18,-32,-34,-22,-10,0,-5,18,21,31,33,25,24,40,68,76,85,72,59,24,14,7,19,22,19,12,4,11,14,26,36,45,32,9,-5,-17,-17,-17,-12,-14,-23,-18,-32,-29,-34,-20,-22,-27,-40,-58,-65,-72,-74,-66,-41,-7,10,16,14,7,0,-4,0,0,-14,-21,-34,-38,-48,-43,-36,-27,-20,6,15,30,43,26,17,-1,-9,-35,-58,-69,-64,-58,-41,-34,-32,-18,-4,9,20,27,28,10,5,-12,-11,-9,14,46,67,57,59,15,-24,-64,-89,-108,-92,-59,-15,6,15,-3,-20,-18,2
X16.V1.83,-6,-13,-10,-2,9,15,24,37,27,21,11,-2,-9,2,7,-11,-8,-14,6,22,35,34,23,19,9,4,-19,-29,-49,-66,-63,-44,-12,9,31,45,50,46,40,19,-8,-32,-67,-85,-83,-52,-27,-2,20,29,26,13,1,-16,-27,-41,-55,-78,-77,-73,-55,-31,-1,24,29,29,12,-8,-29,-37,-45,-57,-56,-46,-26,-2,21,22,7,8,-10,-24,-54,-67,-85,-78,-71,-58,-53,-57,-46,-48,-46,-45,-52,-66,-75,-72,-58,-38,-16,-7,-25,-52,-80,-106,-118,-124,-121,-103,-66,-26,-11,-12,-18,-31,-64,-88,-110,-119,-110,-99,-76,-65,-30,-16,-14,-23,-39,-55,-67,-76,-87,-98,-100,-86,-68,-66,-60,-45,-22,-2,0,-1,-18,-10,-13,-19,-22,-28,-31,-39,-31,-27,-17,-2,18,22,27,27,23,10,3,16,30,39,40,27,-3,-20,-27,-36,-33,-33,-24,-32,-30,-34
X12.V1.71,-9,-9,-5,-6,-6,8,17,28,30,32,12,-18,-43,-56,-49,-27,-1,0,3,11,33,45,46,36,25,46,72,80,58,24,-8,-35,-40,-24,4,21,29,35,34,27,14,-2,-29,-36,-38,-36,-46,-59,-85,-86,-76,-72,-63,-73,-62,-40,-27,-9,-17,-13,3,50,76,88,90,74,68,51,53,47,35,24,23,56,96,137,134,116,97,87,79,67,66,65,82,105,131,138,148,146,132,126,119,123,115,94,68,32,26,39,75,96,114,122,107,90,64,53,38,40,38,41,48,49,47,39,41,32,22,8,4,0,-17,-23,-26,-24,-22,-13,-4,20,50,65,51,4,-43,-83,-95,-86,-80,-73,-67,-39,-8,19,39,41,29,12,-16,-54,-90,-111,-117,-94,-69,-45,-42,-51,-43,-10,7,6,-23,-54,-57,-39,-22,-32,-26,-12,21,43,46,33,19,23,18,2
X12.V1.82,-18,-8,-5,-17,-44,-63,-68,-52,-41,-24,-20,-28,-31,-35,-31,-32,-26,-23,-18,-3,14,18,-2,-31,-65,-85,-91,-85,-91,-102,-108,-116,-116,-110,-98,-87,-82,-65,-56,-50,-35,-27,-19,-18,-17,-22,-31,-47,-60,-76,-83,-81,-68,-60,-59,-60,-60,-54,-30,-14,-6,-7,-21,-62,-100,-125,-127,-116,-97,-77,-60,-42,-31,-32,-32,-19,-6,-6,-20,-29,-32,-35,-24,-13,-3,-5,-8,-19,-24,-13,-12,-14,-26,-36,-53,-71,-78,-89,-93,-97,-87,-80,-82,-87,-98,-99,-94,-72,-58,-51,-44,-49,-59,-67,-65,-71,-66,-59,-40,-25,-12,-1,-11,-25,-37,-41,-40,-36,-36,-46,-68,-94,-116,-126,-110,-95,-75,-54,-20,6,17,15,-1,-20,-32,-44,-53,-63,-59,-57,-63,-62,-56,-34,-20,-1,2,-1,-5,-5,-8,-19,-29,-50,-66,-67,-48,-36,-32,-32,-36,-33,-25,-15,-12,-12,-11,-11
X21.V1.73,30,33,26,16,13,18,18,30,37,27,32,23,19,5,-1,12,31,50,54,40,24,16,21,19,34,37,29,17,13,20,24,28,33,44,45,59,45,23,-14,-27,-31,-22,-3,7,9,23,43,68,59,46,19,4,-4,-1,-8,-13,-12,-5,-1,9,22,20,10,1,-8,-10,-15,-18,-17,-15,-12,-12,-16,-29,-46,-70,-82,-81,-79,-76,-57,-32,-23,-23,-31,-41,-42,-43,-20,-18,-15,-3,8,17,25,12,3,-13,-12,9,27,54,45,31,1,-13,-18,-13,6,20,16,9,3,-3,-11,-22,-44,-63,-67,-58,-28,-12,3,-2,-8,-11,-8,-11,-11,-6,-6,-21,-44,-58,-62,-48,-30,-22,-26,-10,18,50,65,66,49,36,37,44,43,37,38,35,37,61,80,89,74,56,61,69,84,75,54,44,49,70,71,86,84,71,45,16,-12,-7,8,22,26,6
X18.V1.25,61,79,76,57,57,46,61,78,62,38,13,25,54,83,90,64,51,82,75,97,122,113,115,99,71,79,66,49,25,5,-5,2,-11,-2,16,29,37,16,0,-10,-22,-17,-21,-25,-19,1,23,30,10,-22,-56,-66,-40,-24,-9,-17,-47,-77,-82,-70,-48,-3,25,32,-3,-25,-36,-25,-12,-22,-15,-8,40,74,81,67,51,32,24,33,46,49,67,82,52,32,-3,-10,19,28,31,31,2,20,8,1,-20,-38,-44,-45,-1,16,14,-15,-22,-7,17,40,51,53,48,54,35,25,8,15,68,106,101,12,-32,-45,-30,-7,0,-2,-7,-5,8,29,48,77,108,106,97,81,79,57,48,34,-3,-38,-41,-30,-14,-1,34,102,110,113,86,51,52,22,-12,-18,-13,1,12,1,-23,-9,9,60,69,57,41,22,14,22,20,37,38,51,61,62,61,76
X8.V1.64,6,8,-14,-65,-122,-149,-122,-69,-27,-6,-24,-46,-49,-28,-7,-3,0,-15,-20,-22,-12,-19,-26,-38,-40,-33,-23,-6,-10,-9,-2,4,1,-7,-16,-33,-34,-14,18,39,43,33,2,-12,-5,17,39,46,35,4,-16,-17,0,9,14,11,0,-8,-12,-12,-26,-43,-72,-93,-80,-31,16,36,32,1,-18,-8,39,86,104,94,59,18,4,17,31,36,24,-9,-30,-32,-5,31,56,56,29,-9,-27,-9,12,26,14,-14,-44,-53,-38,-31,-23,-20,-15,-8,17,41,43,43,38,52,50,36,12,-23,-42,-45,-36,-27,-23,-26,-30,-23,-8,-1,-5,-17,-33,-37,-27,-6,8,-2,-14,-35,-55,-67,-60,-47,-31,-5,0,10,1,2,0,-7,-6,-15,-8,2,19,19,3,-22,-39,-47,-35,-8,-3,-13,-33,-41,-24,8,40,33,5,-30,-43,-23,20,64,64,40,7,-15
X11.V1.6,-61,-62,-45,-25,-19,-30,-51,-28,-14,13,4,-18,-53,-74,-79,-82,-74,-64,-69,-82,-79,-48,-27,-9,-5,-9,-10,-5,3,-16,-36,-69,-85,-86,-71,-50,-53,-64,-78,-82,-82,-59,-31,-23,-34,-68,-103,-127,-95,-46,-3,-7,-44,-97,-121,-100,-68,-32,-9,11,7,-9,-22,-31,-38,-38,-46,-70,-87,-65,-25,16,20,5,-19,-32,-39,-30,-17,3,0,-15,-28,-22,-3,33,70,102,87,54,25,10,11,22,33,23,9,-7,-15,-1,20,36,17,-12,-31,-28,-11,20,21,7,-16,-18,1,28,59,54,37,10,13,27,36,41,1,-39,-85,-117,-122,-114,-74,-37,-14,-9,-5,-22,-31,-42,-39,-45,-48,-50,-50,-34,-2,29,54,48,22,-24,-54,-62,-60,-56,-54,-41,-18,20,41,41,19,25,38,39,9,-15,-19,-3,24,16,-6,-16,7,48,64,50,21,-13,-25,-25
X6.V1.84,-59,-72,-86,-72,-73,-54,-35,-14,-8,-4,-15,-18,-31,-42,-64,-79,-73,-75,-77,-84,-82,-72,-71,-41,-45,-35,-34,-34,-32,-35,-21,-37,-49,-55,-36,-21,-25,-23,-27,-37,-41,-55,-62,-74,-69,-45,-27,-33,-40,-40,-26,8,2,-11,-33,-45,-50,-50,-58,-44,-46,-30,-8,15,48,78,83,80,75,65,46,24,4,-9,-11,11,8,-12,-40,-18,0,19,21,-8,-15,-16,-9,-9,-9,0,-16,-34,-51,-42,-28,-24,-16,-20,-15,-14,-11,-15,-14,-18,-10,19,31,29,-10,-22,-15,13,33,27,28,38,26,18,-3,-18,-2,25,44,55,61,66,102,100,94,58,41,58,67,79,113,121,102,60,27,15,23,35,21,0,-12,-11,28,18,22,5,1,-8,-7,-20,1,18,44,42,36,25,13,15,16,26,34,57,68,58,32,14,7,-3,-6,-8,-7,-9,-8,10
X15.V1.6,-77,-88,-93,-83,-77,-59,-38,-29,-25,-15,-7,-15,-17,-24,-32,-24,-3,14,13,-5,-27,-45,-61,-59,-31,-29,-22,-9,9,27,34,22,-1,-4,9,12,-1,-13,-18,-5,23,41,46,27,7,-16,-36,-41,-46,-57,-70,-56,-50,-52,-58,-72,-81,-74,-34,16,58,67,65,52,49,54,47,17,-16,-36,-47,-39,-28,-40,-73,-110,-122,-103,-45,24,67,73,56,36,15,14,22,45,64,69,50,-7,-63,-94,-93,-77,-55,-30,-10,13,37,51,42,28,12,16,47,91,119,103,75,45,38,41,45,29,-10,-43,-91,-120,-124,-97,-59,-21,15,33,42,51,65,63,52,21,-20,-64,-89,-95,-90,-79,-49,-10,35,76,101,83,57,19,-9,-29,-37,-39,-39,-38,-33,-36,-47,-50,-50,-54,-53,-58,-64,-75,-62,-33,-4,2,10,7,3,3,-6,-12,-9,-15,-27,-55,-49,-36
X8.V1.82,-48,-40,-43,-37,-42,-38,-33,-30,-32,-24,-14,-16,-18,-22,-21,-26,-29,-31,-37,-40,-43,-46,-47,-42,-23,-13,-7,-3,-9,-22,-35,-48,-54,-45,-36,-27,-22,-23,-30,-49,-67,-76,-66,-55,-37,-28,-35,-50,-60,-59,-63,-52,-40,-46,-48,-54,-63,-84,-99,-116,-121,-116,-102,-95,-84,-65,-53,-52,-55,-55,-48,-43,-29,-32,-49,-68,-75,-79,-72,-61,-53,-48,-47,-47,-58,-60,-69,-82,-104,-121,-122,-117,-107,-99,-99,-101,-96,-86,-79,-73,-62,-48,-42,-39,-39,-31,-18,-8,-9,-23,-36,-66,-93,-106,-98,-82,-78,-68,-70,-70,-70,-64,-61,-61,-53,-56,-58,-55,-51,-48,-53,-50,-51,-33,-13,14,16,11,-11,-35,-63,-74,-82,-90,-79,-58,-39,-26,-13,-2,-5,-7,-15,-22,-29,-38,-45,-60,-69,-73,-72,-83,-73,-59,-41,-21,-9,-9,-17,-22,-28,-37,-40,-39,-30,-30,-15,-10
X19.V1.63,-69,-38,-7,24,13,-11,-17,1,25,23,12,-8,-11,3,28,24,15,-13,-21,-28,-47,-64,-72,-63,-22,13,17,21,8,1,-10,-20,-19,-25,-23,-14,-1,23,47,55,41,4,-12,-20,-15,-9,-15,-26,-8,16,43,38,20,-3,-9,7,29,46,44,21,14,-7,-6,-3,-10,-8,1,14,42,51,46,36,26,27,28,2,-14,-36,-66,-88,-98,-101,-93,-94,-89,-93,-77,-60,-45,-44,-53,-79,-113,-134,-140,-142,-144,-145,-139,-108,-70,-40,-29,-37,-39,-41,-51,-37,-43,-67,-88,-94,-89,-52,-24,7,14,16,22,7,-13,-54,-69,-87,-72,-55,-36,-49,-56,-64,-50,-24,-16,2,-6,-2,-8,-32,-51,-76,-78,-75,-55,-51,-61,-71,-68,-74,-71,-79,-91,-106,-119,-103,-93,-78,-67,-68,-78,-96,-107,-110,-102,-64,-60,-55,-82,-113,-144,-159,-125,-67,-16,-4,-29,-78,-114,-111
X23.V1.93,23,45,67,71,65,53,32,5,-17,-10,-8,-4,7,25,41,58,80,88,99,94,79,35,-8,-34,-54,-44,-28,-13,9,22,40,36,22,6,-8,-37,-60,-78,-91,-76,-45,-12,12,30,43,42,46,42,24,0,-16,-25,-29,-24,-17,-12,-9,-6,8,5,-8,-20,-26,-15,-12,-1,6,4,-2,-32,-49,-60,-63,-65,-74,-85,-103,-129,-140,-124,-108,-73,-40,-13,5,21,36,36,45,42,35,32,24,29,23,32,34,27,10,-12,-21,-46,-44,-51,-59,-71,-71,-47,-24,-1,-2,-12,-9,12,32,38,24,1,-28,-41,-34,-31,-11,5,36,54,63,54,30,8,-1,-4,-20,-30,-25,-14,9,13,10,-13,-33,-36,-30,-10,2,11,-5,-21,-35,-54,-54,-32,-4,24,42,35,6,-21,-32,-32,-12,29,58,78,66,46,21,-5,-10,-18,-23,-19,-8,10,20,26,25,9
X1.V1.55,46,42,29,20,10,-5,-18,-5,9,28,27,24,22,18,30,33,22,7,-9,-20,-15,-20,-19,-32,-36,-30,-33,-28,-23,-11,-12,2,5,-1,-16,-31,-25,-22,2,11,6,-2,-20,-25,-26,-1,14,30,20,26,15,13,13,1,-3,16,36,38,45,52,60,54,35,20,13,23,41,53,57,49,76,84,97,96,63,29,4,-14,-30,-31,-34,-24,-17,-17,-11,-22,-24,-33,-27,-23,-13,-17,-37,-40,-22,-6,7,3,-8,-8,-27,-44,-41,-44,-55,-45,-35,-17,-21,-32,-52,-54,-53,-46,-42,-52,-42,-55,-62,-66,-63,-67,-72,-65,-81,-80,-91,-88,-96,-105,-108,-119,-116,-93,-66,-45,-40,-62,-77,-83,-57,-19,-1,16,17,17,15,24,10,-16,-34,-45,-43,-31,-9,19,26,26,8,-3,-13,-13,-18,-20,-13,-1,12,25,30,13,7,13,19,6,-18,-22,-20,-26
X8.V1.85,16,-9,-32,-56,-62,-63,-55,-42,-21,-11,-11,-14,-20,-25,-23,-12,-12,-20,-25,-34,-31,-17,-19,-11,-27,-19,-8,-7,-20,-38,-49,-48,-39,-38,-44,-53,-44,-38,-26,-9,-14,-33,-57,-66,-63,-45,-15,-7,-5,-18,-27,-34,-46,-54,-60,-74,-78,-82,-99,-95,-84,-52,-17,-3,0,-9,-10,5,2,-10,-27,-39,-41,-28,-18,1,2,6,-11,-26,-45,-64,-56,-56,-55,-60,-69,-68,-50,-48,-56,-62,-71,-69,-65,-48,-48,-50,-56,-52,-43,-43,-23,-18,-10,-10,-36,-61,-82,-93,-96,-101,-91,-73,-49,-27,-21,-59,-87,-113,-101,-87,-64,-65,-68,-67,-50,-36,-39,-48,-50,-44,-47,-43,-61,-68,-72,-63,-56,-56,-54,-75,-97,-116,-119,-98,-78,-58,-48,-56,-39,-26,-31,-42,-61,-83,-97,-109,-116,-115,-107,-74,-56,-36,-25,-33,-50,-75,-86,-98,-91,-75,-65,-72,-95,-114,-123,-121
X18.V1.5,-31,-49,-74,-99,-105,-83,-64,-28,-6,8,10,7,2,2,16,21,23,7,-3,-30,-39,-27,-6,-1,-11,-31,-55,-66,-66,-62,-53,-40,-28,-37,-36,-32,-30,-36,-39,-39,-39,-39,-49,-55,-62,-55,-57,-62,-78,-89,-90,-87,-71,-66,-69,-67,-68,-63,-62,-45,-33,-26,-18,-12,-18,-33,-44,-54,-53,-43,-28,-22,-17,-15,-15,-18,-25,-13,-7,-1,6,9,20,28,46,44,43,33,12,-1,-10,-11,-15,-22,-13,-7,8,26,32,30,12,8,-7,-30,-59,-81,-89,-78,-44,-31,-15,-4,10,11,7,1,-2,-2,21,38,36,17,-1,-2,-2,7,0,-26,-53,-68,-68,-60,-43,-60,-76,-85,-56,-28,-22,-37,-62,-72,-69,-46,-32,-22,-6,8,19,21,5,-30,-57,-65,-55,-43,-49,-61,-83,-89,-68,-45,-26,-22,-26,-17,-9,7,8,-15,-35,-57,-79,-89,-93,-94,-90,-68
X22.V1.92,0,-7,-19,-31,-44,-46,-44,-48,-67,-92,-100,-93,-62,-15,19,35,29,18,-1,-13,-22,-21,-34,-35,-38,-44,-48,-51,-61,-80,-83,-74,-56,-35,-19,-23,-52,-60,-53,-13,16,19,-14,-54,-53,-32,-25,-34,-55,-66,-58,-24,9,13,-5,-27,-31,-18,7,13,16,13,26,30,28,24,26,16,-10,-27,-45,-29,-9,7,7,-6,-22,-38,-35,-20,-8,-17,-32,-54,-66,-54,-24,6,4,-10,-37,-50,-36,-4,16,14,13,11,14,24,47,62,49,24,-2,-7,0,29,37,36,38,31,21,3,-10,-34,-58,-66,-72,-67,-48,-8,26,66,78,67,33,15,30,38,40,22,-7,-25,-20,18,47,51,30,-9,-40,-37,-21,-21,-41,-54,-58,-52,-32,-16,-3,16,21,9,-24,-37,-46,-33,-22,-10,-13,-24,-22,-19,-10,-7,-6,-16,-30,-33,-33,-42,-40,-28,-11,1,8,7
X7.V1.89,13,2,-14,-38,-31,-2,48,86,104,93,69,56,50,41,23,-1,2,-12,-23,-20,-21,-20,-3,20,46,45,30,10,-10,-9,-7,-27,-46,-54,-45,-10,32,53,62,62,74,64,49,48,61,45,25,-18,-45,-76,-60,-33,19,47,49,47,38,40,38,5,-43,-78,-92,-94,-78,-68,-46,-7,21,50,77,84,58,-7,-41,-44,-25,-20,-20,-34,-19,-6,35,48,60,76,84,81,84,78,53,26,-15,-45,-50,-36,6,37,61,64,41,-1,-19,0,22,29,13,-1,17,83,153,178,135,75,10,-10,-1,9,11,-8,-39,-51,-61,-43,-31,-28,2,13,17,35,54,81,64,25,-9,-36,-48,-47,-35,-19,-11,-1,-5,-1,-20,-28,-26,-9,15,11,0,0,-7,-13,-11,11,22,16,-14,-30,-48,-27,-5,-12,-25,-67,-92,-93,-72,-43,-41,-43,-63,-69,-69,-36,-6,19
X20.V1.10,10,5,-9,-23,-32,-50,-55,-50,-41,-34,-24,-12,5,23,43,44,27,15,6,-9,-11,-9,-13,-22,-25,-24,-40,-54,-62,-74,-83,-73,-71,-63,-61,-46,-40,-50,-52,-66,-79,-83,-76,-69,-57,-42,-39,-43,-37,-18,5,11,22,8,3,-12,6,15,28,40,37,18,13,19,19,14,6,-30,-60,-84,-87,-82,-71,-53,-42,-34,-23,-16,-20,-19,-17,-9,-5,3,20,22,24,24,8,-21,-41,-35,-19,-1,13,8,-13,-19,-35,-36,-30,-16,-10,-8,2,-7,-18,-25,-17,-4,4,7,7,-2,5,21,28,24,25,19,23,22,12,-2,-12,-7,-4,-8,-21,-37,-56,-73,-67,-50,-27,-4,9,5,7,8,19,16,14,9,-9,-1,33,46,51,40,33,27,19,11,3,-8,-13,-23,-31,-35,-27,-28,-42,-55,-66,-66,-45,-13,6,7,-9,-22,-31,-22,-8,-7,-14,0
X11.V1.34,9,-22,-38,-56,-56,-51,-32,-16,9,22,23,15,8,0,-14,-13,-26,-30,-31,-22,-9,6,16,23,20,15,6,-13,-44,-68,-92,-106,-107,-91,-80,-67,-50,-44,-41,-33,-20,-9,-11,-23,-50,-74,-80,-68,-57,-48,-47,-45,-44,-39,-26,-28,-15,-4,5,-10,-44,-84,-121,-133,-126,-107,-80,-49,-33,-37,-47,-47,-40,-44,-48,-61,-81,-82,-76,-61,-47,-30,-22,-13,-3,8,13,14,25,17,2,-18,-20,-10,10,41,66,83,97,102,85,64,54,36,11,-21,-42,-51,-41,-13,6,25,35,44,27,6,-17,-27,-41,-43,-34,-22,9,31,61,78,98,107,105,100,92,81,61,34,2,-32,-49,-47,-31,-21,2,26,50,70,79,62,26,-6,-35,-41,-30,-1,17,35,51,59,52,31,10,-8,-14,-12,-15,-24,-27,-25,-23,-10,14,40,59,61,52,23,-2,-18,-20,-34
X14.V1.32,-8,-26,-9,15,39,46,41,44,63,74,60,46,80,122,114,73,-2,-23,22,50,52,34,27,30,43,72,72,63,34,5,-20,0,5,18,27,50,97,123,110,108,84,71,33,2,-15,-6,18,38,40,20,11,37,80,140,155,126,108,92,90,97,98,86,79,96,86,87,75,141,186,250,230,190,147,103,70,37,11,15,24,36,40,67,96,96,75,38,11,15,30,90,104,90,29,-38,-30,1,15,29,40,66,62,43,51,35,64,46,22,-8,-12,3,6,9,32,22,19,3,0,25,55,126,177,143,90,11,22,64,96,109,129,116,103,69,40,76,104,76,38,-44,-71,-53,7,55,70,92,73,71,63,77,103,86,90,39,18,-1,-7,-3,41,130,142,119,44,34,93,124,137,100,66,50,51,55,101,105,78,8,-18,-14,-7,-5
X15.V1.21,-20,-25,-27,-26,-28,-26,-12,2,7,11,9,9,6,2,-7,-25,-29,-30,-34,-40,-41,-43,-61,-70,-87,-99,-98,-93,-91,-89,-75,-63,-49,-37,-23,-18,-11,-7,-13,-28,-41,-31,-24,-13,-6,-12,-26,-39,-44,-56,-52,-39,-20,-9,-2,1,-4,-12,-9,-3,8,19,24,11,7,4,3,-1,-6,-7,-20,-32,-44,-49,-53,-42,-26,-16,-11,-7,-5,-10,-10,-15,-23,-28,-29,-20,-13,4,13,3,-3,-2,3,14,30,38,41,31,13,-9,-33,-38,-38,-30,-25,-24,-34,-39,-42,-37,-34,-37,-36,-47,-50,-43,-35,-25,-14,-1,4,5,1,-8,-23,-26,-21,-18,-11,-7,-9,-17,-14,-2,13,33,41,37,20,9,-1,-3,5,11,15,5,1,-2,1,7,25,41,48,44,33,20,17,24,25,18,14,5,6,16,34,34,28,15,-3,-13,-21,-10,-14,-9,-4,6
X15.V1.70,50,58,64,72,64,43,42,28,31,36,31,27,15,4,-10,-1,36,72,108,120,137,139,142,130,113,79,46,26,4,4,0,2,-17,-18,-10,12,52,101,144,159,144,102,44,-1,-33,-42,-40,-25,-1,22,47,80,105,103,86,35,-7,-54,-63,-59,-44,-16,-2,5,4,-12,-41,-70,-74,-63,-54,-38,-33,-31,-41,-34,-32,-25,-21,-18,-26,-25,-15,-11,-7,-13,-11,-5,1,20,37,28,4,-30,-73,-101,-103,-102,-71,-35,-1,9,13,21,35,36,24,5,5,24,52,76,75,67,31,-7,-31,-26,-6,7,17,17,13,3,-8,-20,-38,-53,-78,-96,-104,-96,-93,-94,-86,-83,-79,-86,-66,-50,-15,0,-8,-22,-41,-45,-57,-62,-55,-61,-72,-78,-73,-60,-35,-12,11,17,19,24,15,5,-8,-32,-53,-78,-101,-107,-84,-32,13,57,82,85,76,52,35,20
X1.V1.5,-87,-89,-73,-69,-51,-48,-51,-47,-30,-6,12,7,-9,-30,-42,-27,-8,-3,-14,-20,-29,-10,13,31,26,6,-25,-52,-67,-56,-40,-12,4,21,25,4,-8,-17,-23,-24,-20,-27,-24,-23,-36,-54,-76,-89,-108,-105,-82,-47,-40,-51,-76,-104,-106,-93,-72,-60,-50,-49,-80,-110,-136,-130,-105,-80,-66,-67,-63,-45,-13,14,27,8,-23,-57,-77,-99,-121,-137,-158,-173,-180,-176,-169,-168,-139,-106,-62,-37,-26,-48,-70,-66,-51,-41,-48,-80,-115,-151,-165,-173,-176,-163,-136,-96,-55,-28,-16,-17,-32,-49,-76,-94,-106,-116,-121,-125,-123,-123,-139,-150,-155,-124,-89,-57,-34,-31,-28,-28,-30,-46,-68,-103,-132,-144,-144,-138,-147,-134,-136,-131,-125,-114,-96,-81,-61,-61,-70,-87,-98,-99,-103,-100,-107,-110,-109,-100,-91,-83,-70,-72,-83,-90,-87,-86,-89,-93,-101,-125,-141,-158,-168,-159,-131,-95
X6.V1.47,70,48,32,30,45,59,66,68,81,83,84,81,69,58,46,32,1,-12,-17,-11,-8,-5,11,4,5,11,23,29,35,50,65,75,78,69,38,5,-13,-23,-7,13,26,29,33,38,30,25,30,28,22,22,20,24,35,39,37,25,31,27,23,27,47,61,60,51,39,26,17,16,6,5,3,7,7,7,4,6,25,51,75,88,85,88,69,65,49,23,-17,-29,-17,18,52,72,81,77,72,62,38,18,3,-1,-11,-3,4,17,47,78,100,106,104,95,87,75,67,52,29,18,20,9,14,17,16,20,11,-5,-19,-22,-18,-17,-21,-24,-30,-37,-43,-26,-16,14,31,28,7,-22,-41,-61,-64,-48,-32,-28,-25,-28,-42,-56,-60,-51,-27,-2,17,20,9,-4,-20,-37,-34,-23,3,38,53,62,47,36,32,18,22,26,22,10,2,-12,-21,-30
X9.V1.41,-49,-57,-61,-80,-91,-88,-95,-90,-81,-91,-91,-89,-70,-51,-46,-46,-69,-83,-90,-87,-90,-85,-80,-80,-68,-56,-54,-57,-60,-58,-81,-95,-100,-90,-78,-66,-64,-64,-75,-82,-97,-112,-107,-110,-93,-74,-63,-51,-60,-62,-81,-103,-115,-110,-94,-79,-58,-45,-45,-66,-76,-75,-66,-55,-56,-64,-77,-82,-89,-83,-67,-55,-47,-47,-56,-67,-82,-88,-93,-105,-112,-94,-87,-64,-52,-37,-27,-19,-21,-41,-67,-65,-61,-43,-34,-41,-71,-90,-93,-73,-55,-39,-25,-18,-29,-35,-46,-42,-34,-31,-33,-28,-24,-34,-53,-53,-51,-50,-51,-44,-41,-41,-39,-45,-49,-52,-56,-77,-82,-80,-69,-58,-52,-58,-70,-67,-54,-35,-36,-46,-54,-72,-77,-68,-66,-79,-95,-89,-76,-64,-61,-77,-89,-87,-80,-76,-82,-76,-70,-74,-66,-69,-72,-70,-68,-65,-75,-71,-58,-71,-81,-93,-99,-109,-111,-113,-122,-133
X15.V1.40,38,41,68,90,101,78,32,-7,-35,-61,-71,-77,-65,-43,-19,6,32,50,57,60,57,70,68,57,35,25,12,20,37,53,55,42,24,15,9,20,22,-1,-22,-32,-43,-46,-54,-55,-50,-37,-14,-3,-6,10,19,44,49,47,23,7,-16,-38,-50,-55,-48,-46,-42,-39,-21,-8,7,17,9,7,-4,-8,-32,-47,-77,-91,-83,-64,-44,-38,-29,-18,-17,-9,-8,-8,-22,-19,-29,-41,-79,-107,-139,-126,-95,-59,-35,-21,-4,2,17,27,25,3,-22,-20,-11,10,25,28,21,17,25,39,45,41,20,0,-5,3,8,13,13,7,4,-7,-16,-13,-4,16,18,11,6,-5,-31,-40,-51,-52,-57,-39,-21,-5,2,1,-1,-13,-14,-14,-13,-19,-14,-4,-2,-14,-32,-47,-42,-29,-27,-23,-18,-24,-45,-76,-92,-97,-95,-102,-109,-136,-126,-112,-88,-67,-70,-68,-79,-68
X17.V1.46,-26,-7,13,10,-24,-35,-58,-53,-59,-64,-71,-76,-68,-52,-44,-25,-13,0,1,17,2,-12,-31,-24,-18,1,9,10,13,22,43,49,49,39,8,-27,-50,-43,-44,-30,-41,-40,-54,-55,-51,-45,-30,-14,-4,8,7,4,-8,-21,-28,-28,-28,-31,-50,-70,-92,-104,-126,-133,-130,-115,-116,-125,-140,-163,-167,-151,-109,-78,-53,-41,-51,-37,-49,-55,-66,-61,-44,-25,-17,-4,1,-3,-3,-10,-21,-32,-47,-52,-71,-74,-70,-69,-56,-52,-55,-75,-95,-117,-114,-108,-105,-93,-98,-72,-60,-60,-76,-88,-93,-98,-95,-82,-66,-33,3,19,20,13,-4,-30,-54,-69,-65,-41,-19,-13,-27,-37,-23,-10,3,3,-1,-7,-5,9,15,18,2,-15,-51,-63,-58,-54,-47,-30,-25,-26,-41,-58,-70,-79,-72,-86,-99,-105,-104,-107,-110,-98,-82,-47,-29,-29,-45,-70,-82,-103,-121,-119,-104,-86
X16.V1.49,4,-6,-6,3,13,26,25,24,9,-5,-22,-34,-48,-58,-61,-56,-43,-20,-8,-7,-27,-46,-75,-108,-122,-111,-86,-56,-28,2,34,60,85,99,111,119,105,79,46,35,19,14,17,13,21,34,50,50,35,16,-6,-11,-1,26,52,70,91,106,119,113,92,63,45,53,70,74,83,78,55,19,-7,-42,-54,-62,-66,-64,-48,-18,7,35,56,63,56,45,38,38,35,41,41,39,37,42,41,38,30,25,7,-1,-3,-4,1,-1,3,-3,6,21,21,24,18,31,41,45,45,29,15,2,-20,-47,-56,-39,-17,6,9,9,1,6,3,-13,-22,-28,-32,-33,-28,-12,8,18,46,59,59,65,49,33,17,16,13,7,8,7,12,35,58,80,86,69,29,-14,-39,-38,-34,-26,-20,-19,-16,-4,35,66,90,101,88,58,19,-11,-38,-38,-35,-33,-46,-47
X17.V1.6,-1,-1,22,55,93,123,131,113,97,82,77,77,57,34,19,22,32,41,46,15,-14,-27,-1,34,38,31,4,-7,-7,20,42,73,115,133,129,99,71,37,27,24,10,-13,-27,-25,-13,-4,17,29,25,-12,-63,-114,-127,-100,-71,-35,-4,17,30,38,46,36,-1,-51,-97,-117,-95,-56,-22,-17,-29,-38,-40,-10,25,46,25,-10,-40,-51,-33,-2,23,15,6,-17,-29,-18,-1,13,8,9,2,1,2,5,0,14,40,68,74,63,46,18,-3,-14,-16,-13,4,24,33,34,37,36,28,12,17,22,35,19,-30,-95,-126,-112,-76,-19,15,32,22,22,33,35,24,-1,-34,-61,-58,-43,-35,-41,-51,-58,-57,-48,-30,-9,13,22,11,-19,-26,-34,-42,-40,-35,-15,-11,-11,-18,-33,-46,-60,-74,-68,-40,-13,-2,-12,-28,-57,-59,-26,14,42,34,5,-36,-53
X20.V1.90,-139,-129,-117,-95,-55,-23,-23,-39,-53,-66,-75,-87,-117,-129,-146,-160,-170,-162,-123,-75,-39,-6,-13,-30,-54,-62,-82,-81,-89,-82,-99,-102,-86,-58,-26,-6,-4,-29,-61,-101,-128,-130,-128,-104,-77,-50,-25,-6,36,77,102,104,100,85,39,-11,-42,-64,-57,-45,-36,-17,-9,17,26,49,62,69,55,24,-6,-18,-24,-17,-46,-46,-56,-33,-20,8,42,65,43,20,-16,-34,-26,-22,-20,-40,-48,-38,-18,9,36,60,58,74,50,12,-30,-68,-70,-65,-45,-17,-15,-3,9,29,34,39,10,-30,-69,-86,-89,-88,-83,-80,-59,-53,-15,-7,15,21,25,20,9,-11,-31,-37,-31,-12,-8,-2,-2,-9,-18,-14,9,12,10,5,-23,-31,-32,-17,-14,0,12,20,34,36,23,-2,-28,-39,-39,-41,-35,-53,-35,-15,11,23,25,13,9,-9,-18,-27,-45,-43,-49,-34,-28,-28
X19.V1.30,-35,-18,-5,2,3,-2,-10,-26,-29,-32,-36,-34,-32,-34,-46,-53,-60,-54,-46,-28,-25,-25,-15,-5,2,0,5,1,5,8,5,2,2,18,20,27,33,32,27,21,28,34,45,47,33,16,9,18,24,35,44,43,31,18,9,-3,-9,-12,-1,4,14,23,25,20,12,5,2,18,23,20,10,9,19,32,44,38,23,8,7,12,20,33,33,20,9,7,8,5,5,8,11,17,24,19,20,21,16,12,6,17,4,-1,-6,-5,3,13,33,37,38,36,31,16,7,-1,-9,-6,4,15,13,19,17,13,18,32,50,58,65,65,59,51,44,41,37,46,53,52,46,39,28,18,16,13,12,-2,-10,-10,-4,0,-6,-15,-7,5,15,13,14,12,16,25,39,41,34,32,27,27,23,25,19,14,9,-3,-16,-17,-1,11,18,14,15,10
X18.V1.45,-66,-73,-78,-71,-76,-93,-104,-118,-105,-97,-67,-63,-64,-67,-63,-29,-3,31,23,-12,-49,-68,-91,-113,-110,-101,-69,-32,-15,2,0,-11,-24,-40,-59,-65,-80,-80,-58,-34,-8,9,13,-10,-27,-46,-38,-41,-48,-46,-51,-38,-20,-7,14,32,43,35,13,-15,-43,-73,-101,-98,-82,-44,-15,9,17,28,27,9,-10,-30,-42,-58,-50,-41,-28,-17,3,-13,11,15,42,53,52,27,-6,-47,-57,-61,-56,-55,-28,-15,16,33,50,55,63,62,51,48,26,4,-22,-31,-45,-40,-34,-9,10,14,37,49,49,47,49,60,51,34,30,34,45,35,24,17,28,39,56,67,93,104,99,100,95,63,41,19,-7,-41,-65,-51,-29,-9,-9,-13,-17,7,9,15,2,-5,-20,-9,1,4,1,7,32,36,44,45,26,18,-12,-15,-18,-11,-10,-14,-9,5,29,29,21,12
X18.V1.79,-47,-42,-45,-53,-58,-62,-66,-58,-48,-31,-27,-12,-6,-7,-5,9,17,8,-2,-28,-54,-71,-74,-66,-60,-53,-64,-77,-85,-82,-69,-53,-29,-18,-19,-31,-45,-61,-65,-61,-59,-59,-58,-45,-37,-29,-26,-32,-42,-44,-40,-40,-43,-46,-45,-54,-54,-55,-61,-51,-36,-26,-26,-30,-44,-57,-57,-44,-30,-30,-38,-54,-75,-87,-88,-81,-74,-66,-64,-67,-65,-53,-45,-45,-40,-38,-38,-44,-51,-64,-71,-62,-59,-56,-54,-47,-48,-49,-56,-51,-48,-45,-46,-52,-50,-47,-33,-29,-21,-14,-16,-20,-23,-23,-30,-40,-53,-70,-78,-75,-69,-62,-51,-43,-53,-66,-74,-67,-54,-30,-16,-14,-19,-26,-31,-38,-36,-47,-52,-61,-67,-70,-79,-70,-58,-46,-37,-26,-17,-16,-17,-34,-54,-64,-60,-50,-43,-42,-56,-72,-85,-83,-86,-84,-84,-78,-67,-53,-43,-43,-43,-43,-44,-56,-56,-47,-50,-45
X12.V1.59,-31,-42,-49,-53,-50,-40,-34,-32,-36,-41,-63,-79,-84,-78,-58,-30,-1,3,-3,-18,-31,-43,-49,-50,-60,-61,-61,-57,-58,-55,-56,-68,-77,-83,-82,-91,-89,-88,-83,-73,-64,-58,-64,-54,-56,-56,-59,-55,-46,-48,-47,-55,-54,-46,-37,-32,-34,-34,-34,-40,-48,-52,-60,-67,-67,-77,-87,-95,-88,-77,-64,-45,-34,-22,-12,-1,2,4,1,-10,-28,-39,-44,-47,-36,-31,-30,-29,-27,-19,-24,-25,-27,-31,-46,-59,-64,-72,-67,-58,-49,-44,-35,-25,-28,-34,-39,-48,-56,-55,-60,-65,-68,-60,-53,-52,-39,-37,-30,-29,-32,-46,-55,-56,-60,-66,-67,-50,-36,-27,-16,-19,-28,-39,-35,-36,-25,-12,-2,-1,-1,1,-6,-11,-22,-40,-62,-84,-91,-95,-76,-44,-14,-8,-16,-30,-44,-48,-46,-52,-64,-67,-68,-60,-40,-23,-10,-16,-30,-55,-75,-82,-72,-54,-40,-26,-28,-44
